"bb","sp","warm","photo","chill1","chill2"
12.5537938567067,1,0,0,0,0
9.74523748413219,1,0,0,0,0
11.7655600763518,1,0,0,0,0
11.282785017011,1,0,0,0,0
11.4551205681902,1,0,0,0,0
13.6755585599173,1,0,0,0,0
13.0865920518594,1,0,0,0,0
10.7548090701077,1,0,0,0,0
13.3996386240599,1,0,0,0,0
13.9716586136982,1,0,0,0,0
11.7680613640142,1,1,0,0,0
11.9744730322275,1,1,0,0,0
10.8732561518537,1,1,0,0,0
10.4048903673789,1,1,0,0,0
13.6157272071029,1,1,0,0,0
9.91838806445776,1,1,0,0,0
12.4336122754157,1,1,0,0,0
11.6342125478294,1,1,0,0,0
11.8661787425201,1,1,0,0,0
12.2920187264624,1,1,0,0,0
13.4519257788172,1,0,1,0,0
12.8423939842738,1,0,1,0,0
13.7432159753923,1,0,1,0,0
12.5819608353473,1,0,1,0,0
11.5013861890539,1,0,1,0,0
11.8209989068081,1,0,1,0,0
12.0005301735323,1,0,1,0,0
11.4938028940445,1,0,1,0,0
10.6303201211956,1,0,1,0,0
11.0855056069048,1,0,1,0,0
11.0892474352726,1,1,1,0,0
10.8785849968858,1,1,1,0,0
12.4369120452664,1,1,1,0,0
11.5950317054522,1,1,1,0,0
13.3281676998372,1,1,1,0,0
13.0794012429758,1,1,1,0,0
11.9688936081914,1,1,1,0,0
10.4966193070787,1,1,1,0,0
12.8316877327731,1,1,1,0,0
11.8272392245561,1,1,1,0,0
11.7994291801792,1,0,0,1,0
11.4353574072414,1,0,0,1,0
13.1908748428041,1,0,0,1,0
11.1499696448655,1,0,0,1,0
12.6750456554058,1,0,0,1,0
11.729515608122,1,0,0,1,0
12.68337706016,1,0,0,1,0
14.6847371532033,1,0,0,1,0
12.3039118039943,1,0,0,1,0
12.1147550559513,1,0,0,1,0
12.9806838704981,1,1,0,1,0
12.9896571451731,1,1,0,1,0
12.9792774392926,1,1,0,1,0
11.8853698355586,1,1,0,1,0
11.4194075543894,1,1,0,1,0
10.6090191359226,1,1,0,1,0
12.4446386382673,1,1,0,1,0
14.0655880357537,1,1,0,1,0
10.96523007494,1,1,0,1,0
11.5856640669699,1,1,0,1,0
13.1616928418924,1,0,1,1,0
12.4762361700168,1,0,1,1,0
12.0662544130871,1,0,1,1,0
12.6735272646295,1,0,1,1,0
11.6894230877131,1,0,1,1,0
13.0486813258007,1,0,1,1,0
12.076816853228,1,0,1,1,0
10.3632422674194,1,0,1,1,0
9.67497821890053,1,0,1,1,0
11.4282520740694,1,0,1,1,0
11.9955732718935,1,1,1,1,0
10.8034261110269,1,1,1,1,0
10.7095490496498,1,1,1,1,0
11.8926561831619,1,1,1,1,0
11.3061852248795,1,1,1,1,0
10.9290281266547,1,1,1,1,0
10.1765181838909,1,1,1,1,0
12.0995466225036,1,1,1,1,0
12.0242955839848,1,1,1,1,0
13.4697611578498,1,1,1,1,0
11.7375092986606,1,0,0,0,1
14.2077345322983,1,0,0,0,1
10.664740713539,1,0,0,0,1
12.3586633368948,1,0,0,0,1
12.1938826904269,1,0,0,0,1
12.4212225858197,1,0,0,0,1
10.6732079657666,1,0,0,0,1
10.8341173834323,1,0,0,0,1
12.767661973352,1,0,0,0,1
14.5990360876862,1,0,0,0,1
10.4007695202809,1,1,0,0,1
10.6493190642052,1,1,0,0,1
10.866555373994,1,1,0,0,1
10.325070453119,1,1,0,0,1
14.9941880657894,1,1,0,0,1
12.0169898192323,1,1,0,0,1
11.3714576138553,1,1,0,0,1
11.3327818613164,1,1,0,0,1
11.9842371657989,1,1,0,0,1
13.2525764122934,1,1,0,0,1
12.477432034106,1,0,1,0,1
10.1523757983235,1,0,1,0,1
13.2232802820552,1,0,1,0,1
12.0892800005315,1,0,1,0,1
12.5553794947435,1,0,1,0,1
13.4110078420868,1,0,1,0,1
12.8808133635135,1,0,1,0,1
10.9405254630972,1,0,1,0,1
11.8806484036649,1,0,1,0,1
10.4423097335706,1,0,1,0,1
12.4931909180173,1,1,1,0,1
10.9965632746421,1,1,1,0,1
12.0468315022482,1,1,1,0,1
13.693528257262,1,1,1,0,1
10.9567334739431,1,1,1,0,1
12.0792086766827,1,1,1,0,1
11.9622048405194,1,1,1,0,1
10.6353720049565,1,1,1,0,1
12.3738170320493,1,1,1,0,1
11.768188043117,1,1,1,0,1
11.5179193802381,2,0,0,0,0
12.4461492084013,2,0,0,0,0
11.6915488778332,2,0,0,0,0
11.3176411999424,2,0,0,0,0
12.450502108096,2,0,0,0,0
11.9187573064524,2,0,0,0,0
12.6222954541491,2,0,0,0,0
11.2390204221669,2,0,0,0,0
13.086128358094,2,0,0,0,0
13.5408063128361,2,0,0,0,0
12.5808740197485,2,1,0,0,0
12.1690010749642,2,1,0,0,0
13.8473880721274,2,1,0,0,0
11.4567461250796,2,1,0,0,0
12.6460268467551,2,1,0,0,0
11.027249136412,2,1,0,0,0
13.2560035713611,2,1,0,0,0
12.1343038999241,2,1,0,0,0
9.96341034697186,2,1,0,0,0
10.9671945924016,2,1,0,0,0
13.4390877936465,2,0,1,0,0
13.0787227129515,2,0,1,0,0
11.5258559193705,2,0,1,0,0
13.5887311551686,2,0,1,0,0
11.4579625374017,2,0,1,0,0
10.9518830494639,2,0,1,0,0
12.8814078508985,2,0,1,0,0
10.6032311675617,2,0,1,0,0
10.7104207603566,2,0,1,0,0
13.2051867672332,2,0,1,0,0
12.2236282555891,2,1,1,0,0
12.83508556921,2,1,1,0,0
11.2568084312873,2,1,1,0,0
14.2035970070649,2,1,1,0,0
9.77331769953022,2,1,1,0,0
12.5262200125274,2,1,1,0,0
11.7417135861028,2,1,1,0,0
11.448154401456,2,1,1,0,0
12.8287155509219,2,1,1,0,0
13.5582006856486,2,1,1,0,0
11.046626128444,2,0,0,1,0
12.7486653382474,2,0,0,1,0
13.0751552550589,2,0,0,1,0
11.5894539767086,2,0,0,1,0
11.7077776544295,2,0,0,1,0
12.8731430113349,2,0,0,1,0
12.2841562714583,2,0,0,1,0
14.0812959250111,2,0,0,1,0
12.371747067936,2,0,0,1,0
11.7468289665466,2,0,0,1,0
11.5686314071743,2,1,0,1,0
12.4087556685364,2,1,0,1,0
11.6580805252597,2,1,0,1,0
12.896780113536,2,1,0,1,0
14.2217781824496,2,1,0,1,0
11.9006230875397,2,1,0,1,0
10.4953383693144,2,1,0,1,0
10.7067013830615,2,1,0,1,0
11.6587750921956,2,1,0,1,0
12.3641305628245,2,1,0,1,0
12.066268017535,2,0,1,1,0
12.4769522018828,2,0,1,1,0
10.6353464351534,2,0,1,1,0
12.6557775211658,2,0,1,1,0
11.097427574402,2,0,1,1,0
12.5522742847369,2,0,1,1,0
12.9236649165878,2,0,1,1,0
13.3229301538398,2,0,1,1,0
11.9359422974442,2,0,1,1,0
13.3390026508294,2,0,1,1,0
13.9138458621053,2,1,1,1,0
12.0480126283636,2,1,1,1,0
13.265606622493,2,1,1,1,0
11.6537513500012,2,1,1,1,0
11.6759725135257,2,1,1,1,0
11.5637277087941,2,1,1,1,0
11.3045435391114,2,1,1,1,0
12.2825471743406,2,1,1,1,0
11.730024899885,2,1,1,1,0
9.74192222480308,2,1,1,1,0
12.1768627758954,2,0,0,0,1
12.247880233908,2,0,0,0,1
12.6994623528089,2,0,0,0,1
12.8130885435669,2,0,0,0,1
11.4098274185095,2,0,0,0,1
12.1754034729779,2,0,0,0,1
11.9244405848736,2,0,0,0,1
12.7098555641213,2,0,0,0,1
13.6726814393534,2,0,0,0,1
13.2474083679645,2,0,0,0,1
10.7957914939938,2,1,0,0,1
14.2453676214498,2,1,0,0,1
12.5458833783711,2,1,0,0,1
11.5720632665614,2,1,0,0,1
11.8120737809272,2,1,0,0,1
11.9057014607464,2,1,0,0,1
11.0863209740728,2,1,0,0,1
11.704656128303,2,1,0,0,1
12.7557516395629,2,1,0,0,1
12.1022729128889,2,1,0,0,1
12.1746526460226,2,0,1,0,1
11.2942008443021,2,0,1,0,1
12.368523824474,2,0,1,0,1
11.345898027811,2,0,1,0,1
12.624193887598,2,0,1,0,1
11.7106657127304,2,0,1,0,1
12.64397501272,2,0,1,0,1
11.2396284750596,2,0,1,0,1
11.7471246165029,2,0,1,0,1
12.4439605742399,2,0,1,0,1
11.3341577536457,2,1,1,0,1
12.0153067561233,2,1,1,0,1
12.8278660126274,2,1,1,0,1
12.5073473260972,2,1,1,0,1
12.121005310897,2,1,1,0,1
12.1504554481803,2,1,1,0,1
12.1517279858384,2,1,1,0,1
12.2895435831602,2,1,1,0,1
11.3423017529219,2,1,1,0,1
12.8830558182925,2,1,1,0,1
11.1519333448537,3,0,0,0,0
12.4053988860533,3,0,0,0,0
12.6266974420061,3,0,0,0,0
12.9894688900519,3,0,0,0,0
12.3699779771501,3,0,0,0,0
12.1320205306549,3,0,0,0,0
11.5744251873927,3,0,0,0,0
12.1236001216395,3,0,0,0,0
12.3370134284387,3,0,0,0,0
12.3698887698404,3,0,0,0,0
11.2803565009688,3,1,0,0,0
10.7180021812364,3,1,0,0,0
11.9549210063553,3,1,0,0,0
12.7258150934631,3,1,0,0,0
12.9319431594765,3,1,0,0,0
12.0219761550861,3,1,0,0,0
13.4072302245035,3,1,0,0,0
12.0600860155077,3,1,0,0,0
12.0724040659239,3,1,0,0,0
13.0700931351927,3,1,0,0,0
11.7504950005093,3,0,1,0,0
9.87108534075124,3,0,1,0,0
11.3916554343706,3,0,1,0,0
15.0794381382801,3,0,1,0,0
12.5432845980373,3,0,1,0,0
11.655249282363,3,0,1,0,0
12.6539176298939,3,0,1,0,0
13.562799118344,3,0,1,0,0
12.7534444015987,3,0,1,0,0
13.8848177244485,3,0,1,0,0
12.3936790480719,3,1,1,0,0
10.3533779781427,3,1,1,0,0
11.7791864893429,3,1,1,0,0
13.523294918885,3,1,1,0,0
12.7061140259795,3,1,1,0,0
11.1022020099012,3,1,1,0,0
12.3463316011744,3,1,1,0,0
10.9577584594669,3,1,1,0,0
9.97908263343334,3,1,1,0,0
11.8487370185984,3,1,1,0,0
12.1811526849294,3,0,0,1,0
14.3012890312024,3,0,0,1,0
12.3097075473653,3,0,0,1,0
9.22903357765447,3,0,0,1,0
12.7879246232178,3,0,0,1,0
11.2069085141365,3,0,0,1,0
12.6011610227601,3,0,0,1,0
12.7241706147223,3,0,0,1,0
11.3823933761546,3,0,0,1,0
12.5319959363017,3,0,0,1,0
12.6123709696125,3,1,0,1,0
12.9775342577473,3,1,0,1,0
11.5873337055453,3,1,0,1,0
11.8527183087594,3,1,0,1,0
11.9154326571294,3,1,0,1,0
12.9734425573171,3,1,0,1,0
13.9599972908291,3,1,0,1,0
12.7934557691723,3,1,0,1,0
14.0645171695849,3,1,0,1,0
12.2160132977184,3,1,0,1,0
12.0214835799184,3,0,1,1,0
12.32030533395,3,0,1,1,0
10.0137161871381,3,0,1,1,0
11.7402480930063,3,0,1,1,0
10.3271751337625,3,0,1,1,0
13.7199420170508,3,0,1,1,0
10.5091670330619,3,0,1,1,0
11.8165366326203,3,0,1,1,0
14.9613996836653,3,0,1,1,0
11.8920749213149,3,0,1,1,0
12.6273226448797,3,1,1,1,0
12.3017698946076,3,1,1,1,0
13.0066761044721,3,1,1,1,0
12.9908245761454,3,1,1,1,0
10.9041888627598,3,1,1,1,0
12.9186488283609,3,1,1,1,0
12.3051249791878,3,1,1,1,0
9.7161557266225,3,1,1,1,0
11.1039720534859,3,1,1,1,0
9.87593925519358,3,1,1,1,0
11.8933104907539,3,0,0,0,1
13.3793561574368,3,0,0,0,1
11.4147523073764,3,0,0,0,1
14.1665364184198,3,0,0,0,1
12.9101981132299,3,0,0,0,1
10.3853226270226,3,0,0,0,1
13.6761585617642,3,0,0,0,1
12.1906191715388,3,0,0,0,1
12.6131668217017,3,0,0,0,1
11.4315486613329,3,0,0,0,1
13.0521474780486,3,1,0,0,1
11.8373877691703,3,1,0,0,1
12.3463044534182,3,1,0,0,1
12.0811657091334,3,1,0,0,1
13.8242404492174,3,1,0,0,1
12.1932276613344,3,1,0,0,1
12.1647369186657,3,1,0,0,1
13.4052389308187,3,1,0,0,1
13.2149969678297,3,1,0,0,1
12.0970065946802,3,1,0,0,1
13.222886828143,3,0,1,0,1
11.4723413380553,3,0,1,0,1
12.1016066484927,3,0,1,0,1
10.9029316878355,3,0,1,0,1
11.8616653922244,3,0,1,0,1
12.952538812155,3,0,1,0,1
13.2808850946975,3,0,1,0,1
12.8598673099365,3,0,1,0,1
12.0699678359813,3,0,1,0,1
12.1689904732451,3,0,1,0,1
10.8321643630183,3,1,1,0,1
10.9495368668319,3,1,1,0,1
10.9031078726779,3,1,1,0,1
11.9388881973656,3,1,1,0,1
12.1461821758954,3,1,1,0,1
10.420344838883,3,1,1,0,1
11.4830893702727,3,1,1,0,1
13.0230238815055,3,1,1,0,1
10.5226611620889,3,1,1,0,1
10.914136493154,3,1,1,0,1
12.1118640862558,4,0,0,0,0
11.3211743493633,4,0,0,0,0
11.420811474281,4,0,0,0,0
13.0756424658541,4,0,0,0,0
12.407395771481,4,0,0,0,0
11.4871464586625,4,0,0,0,0
11.6164320293505,4,0,0,0,0
11.070866788623,4,0,0,0,0
11.9368649824129,4,0,0,0,0
10.6607534812532,4,0,0,0,0
13.2583291577125,4,1,0,0,0
12.5643902140015,4,1,0,0,0
13.6626384011903,4,1,0,0,0
12.2156201670985,4,1,0,0,0
11.2453400934721,4,1,0,0,0
12.0140289980965,4,1,0,0,0
12.5205704724166,4,1,0,0,0
12.6036481656889,4,1,0,0,0
13.244522678002,4,1,0,0,0
13.3235346855973,4,1,0,0,0
11.2082737568623,4,0,1,0,0
13.1457048001941,4,0,1,0,0
11.7312128744876,4,0,1,0,0
11.9036392856251,4,0,1,0,0
11.9209527577669,4,0,1,0,0
11.8221908237087,4,0,1,0,0
12.8609866885041,4,0,1,0,0
13.4572392941267,4,0,1,0,0
11.9656401311354,4,0,1,0,0
10.6771547342224,4,0,1,0,0
12.2824568476882,4,1,1,0,0
11.8618280250731,4,1,1,0,0
12.6737208686293,4,1,1,0,0
10.7221656997727,4,1,1,0,0
13.1798851082502,4,1,1,0,0
10.6985129551625,4,1,1,0,0
11.2761949497919,4,1,1,0,0
13.2712734850099,4,1,1,0,0
12.3461138272548,4,1,1,0,0
12.0623453179992,4,1,1,0,0
12.5120207153591,4,0,0,1,0
9.66430006347608,4,0,0,1,0
12.4138772799674,4,0,0,1,0
9.86087010030888,4,0,0,1,0
12.0463712332575,4,0,0,1,0
10.9465100303925,4,0,0,1,0
12.3833981718639,4,0,0,1,0
12.9976546587999,4,0,0,1,0
12.2102157300544,4,0,0,1,0
12.2041005914557,4,0,0,1,0
10.9774903844739,4,1,0,1,0
11.4916056563139,4,1,0,1,0
11.7746189716343,4,1,0,1,0
11.5352113310448,4,1,0,1,0
11.4631724786177,4,1,0,1,0
11.8460626833226,4,1,0,1,0
10.5274083058456,4,1,0,1,0
9.95048845486736,4,1,0,1,0
11.1910786288753,4,1,0,1,0
12.888453789806,4,1,0,1,0
10.1496415429719,4,0,1,1,0
12.3546316498857,4,0,1,1,0
11.28517654104,4,0,1,1,0
13.1284020762458,4,0,1,1,0
14.1299178991408,4,0,1,1,0
13.1912792021938,4,0,1,1,0
10.8249618549287,4,0,1,1,0
13.8564008000416,4,0,1,1,0
10.9952130694023,4,0,1,1,0
11.6587460215657,4,0,1,1,0
9.82366962488575,4,1,1,1,0
11.0954866385961,4,1,1,1,0
12.6546575665423,4,1,1,1,0
11.1676052470784,4,1,1,1,0
13.5850810497107,4,1,1,1,0
12.9652903140888,4,1,1,1,0
10.6514308822061,4,1,1,1,0
11.9760823022433,4,1,1,1,0
11.3756431964491,4,1,1,1,0
14.1444517803466,4,1,1,1,0
10.5399879384323,4,0,0,0,1
12.0576889856584,4,0,0,0,1
11.8781357585442,4,0,0,0,1
12.3860210926437,4,0,0,0,1
13.5962918535409,4,0,0,0,1
12.5113665864386,4,0,0,0,1
12.6274412376274,4,0,0,0,1
12.6908144933393,4,0,0,0,1
9.98239025115287,4,0,0,0,1
11.5155300650392,4,0,0,0,1
11.0346279345768,4,1,0,0,1
12.3389713063458,4,1,0,0,1
11.5356825934197,4,1,0,0,1
12.6340796817096,4,1,0,0,1
13.8162861499188,4,1,0,0,1
12.9411263666842,4,1,0,0,1
13.1637855489961,4,1,0,0,1
13.131403012333,4,1,0,0,1
12.1130903564003,4,1,0,0,1
10.8588153367069,4,1,0,0,1
11.6756725643399,4,0,1,0,1
10.4302921245949,4,0,1,0,1
10.4656377590745,4,0,1,0,1
10.4069160055738,4,0,1,0,1
12.2995365249609,4,0,1,0,1
12.3725080372415,4,0,1,0,1
11.8648982486474,4,0,1,0,1
11.3085638920059,4,0,1,0,1
13.1663958386326,4,0,1,0,1
13.7928114918852,4,0,1,0,1
11.3797851011049,4,1,1,0,1
13.4503745568231,4,1,1,0,1
11.8906354757512,4,1,1,0,1
12.7118650882914,4,1,1,0,1
12.9465677476707,4,1,1,0,1
13.2336707428701,4,1,1,0,1
9.45912682115557,4,1,1,0,1
10.3157048192946,4,1,1,0,1
11.4525158647538,4,1,1,0,1
11.1187850462464,4,1,1,0,1
12.2443528897653,5,0,0,0,0
11.1687814552591,5,0,0,0,0
11.6684632584826,5,0,0,0,0
11.0189622824113,5,0,0,0,0
11.3067678106521,5,0,0,0,0
11.9774549859344,5,0,0,0,0
12.5136266738039,5,0,0,0,0
11.9856536552494,5,0,0,0,0
11.1024278679164,5,0,0,0,0
12.8167598806647,5,0,0,0,0
11.4710062519829,5,1,0,0,0
12.137742976158,5,1,0,0,0
11.7976889497248,5,1,0,0,0
11.7579358333539,5,1,0,0,0
11.3192405512614,5,1,0,0,0
11.349598029054,5,1,0,0,0
11.2625448188582,5,1,0,0,0
11.3738688647792,5,1,0,0,0
12.1089734252736,5,1,0,0,0
12.5828302737212,5,1,0,0,0
11.2256471744459,5,0,1,0,0
13.317093274061,5,0,1,0,0
11.9742700969225,5,0,1,0,0
11.5205669861131,5,0,1,0,0
11.8758701667139,5,0,1,0,0
10.5542519795511,5,0,1,0,0
11.8776050426301,5,0,1,0,0
11.0409060143508,5,0,1,0,0
13.2183919179772,5,0,1,0,0
10.1191041027143,5,0,1,0,0
11.2824707604519,5,1,1,0,0
10.6703490896474,5,1,1,0,0
11.5364688398302,5,1,1,0,0
12.0792545652716,5,1,1,0,0
11.8524711287399,5,1,1,0,0
11.4657381086327,5,1,1,0,0
9.85199871104238,5,1,1,0,0
13.0737277831133,5,1,1,0,0
12.1880527304278,5,1,1,0,0
11.2362030577142,5,1,1,0,0
11.2400819132566,5,0,0,1,0
14.4775043357923,5,0,0,1,0
12.5965673384705,5,0,0,1,0
11.8514739056001,5,0,0,1,0
12.9402856094595,5,0,0,1,0
11.7688652187916,5,0,0,1,0
10.8403593321433,5,0,0,1,0
12.4757022105148,5,0,0,1,0
11.3420893718435,5,0,0,1,0
11.9239188303225,5,0,0,1,0
11.6385131813385,5,1,0,1,0
11.3893059573624,5,1,0,1,0
12.2986871209775,5,1,0,1,0
10.9848511244408,5,1,0,1,0
9.46797379205394,5,1,0,1,0
12.8743055958146,5,1,0,1,0
12.3866457741421,5,1,0,1,0
11.9755312545796,5,1,0,1,0
11.1795940812881,5,1,0,1,0
13.3531027632626,5,1,0,1,0
10.5930256559756,5,0,1,1,0
11.6568337119559,5,0,1,1,0
11.4421979095225,5,0,1,1,0
9.4752920938995,5,0,1,1,0
12.4230924839186,5,0,1,1,0
11.5904793141675,5,0,1,1,0
9.81864153422396,5,0,1,1,0
12.0697800364073,5,0,1,1,0
12.5112722029587,5,0,1,1,0
10.981799571619,5,0,1,1,0
10.9952889831645,5,1,1,1,0
11.5624301474351,5,1,1,1,0
11.4174387608068,5,1,1,1,0
12.4850835022994,5,1,1,1,0
11.359644321341,5,1,1,1,0
12.3391262990023,5,1,1,1,0
10.8663882239021,5,1,1,1,0
12.4591474126914,5,1,1,1,0
10.0573863613941,5,1,1,1,0
12.2320638160926,5,1,1,1,0
11.7681050917258,5,0,0,0,1
11.1258518280997,5,0,0,0,1
10.1097225017961,5,0,0,0,1
11.1630610118887,5,0,0,0,1
13.8004255842395,5,0,0,0,1
9.17033305158675,5,0,0,0,1
13.5727621133125,5,0,0,0,1
11.3330919490747,5,0,0,0,1
11.6316451004038,5,0,0,0,1
12.2306469494024,5,0,0,0,1
11.1216295604927,5,1,0,0,1
12.0455200779022,5,1,0,0,1
12.4750534231619,5,1,0,0,1
12.0761454710423,5,1,0,0,1
9.9252345590839,5,1,0,0,1
10.3857840564596,5,1,0,0,1
11.3647796597269,5,1,0,0,1
11.1533445323434,5,1,0,0,1
11.5213913543963,5,1,0,0,1
11.9352223665638,5,1,0,0,1
11.3216501417059,5,0,1,0,1
11.1345010258326,5,0,1,0,1
13.1728605756765,5,0,1,0,1
11.8263848303341,5,0,1,0,1
11.5247154521447,5,0,1,0,1
12.5272546835279,5,0,1,0,1
11.1145800360429,5,0,1,0,1
11.0528231659736,5,0,1,0,1
10.4883085759546,5,0,1,0,1
11.5767606567024,5,0,1,0,1
11.5696584853497,5,1,1,0,1
13.163546329225,5,1,1,0,1
11.07702404769,5,1,1,0,1
12.1885661642611,5,1,1,0,1
9.27077488869454,5,1,1,0,1
12.8698049119948,5,1,1,0,1
10.6532120034917,5,1,1,0,1
12.7176165895594,5,1,1,0,1
11.9097918579223,5,1,1,0,1
12.0991499315874,5,1,1,0,1
12.2935589555315,6,0,0,0,0
13.0617539830047,6,0,0,0,0
11.1447672627349,6,0,0,0,0
10.7763813649321,6,0,0,0,0
12.612083579071,6,0,0,0,0
11.5864744158289,6,0,0,0,0
11.5458179091293,6,0,0,0,0
13.6465214744108,6,0,0,0,0
12.4274409740388,6,0,0,0,0
10.5495239409862,6,0,0,0,0
12.4515646940659,6,1,0,0,0
10.5193946989229,6,1,0,0,0
12.1670316419251,6,1,0,0,0
12.8434504621424,6,1,0,0,0
11.3266088669517,6,1,0,0,0
12.3431436696781,6,1,0,0,0
12.2030499478505,6,1,0,0,0
10.5287614967926,6,1,0,0,0
11.2024793932965,6,1,0,0,0
11.821842462441,6,1,0,0,0
12.9253218329566,6,0,1,0,0
9.63347312356585,6,0,1,0,0
11.704584624987,6,0,1,0,0
11.7222526205929,6,0,1,0,0
11.3953746496732,6,0,1,0,0
11.5560746483673,6,0,1,0,0
12.6796160429711,6,0,1,0,0
11.5480441507678,6,0,1,0,0
12.00484192916,6,0,1,0,0
8.42217919320563,6,0,1,0,0
10.3196058439649,6,1,1,0,0
12.6515367790842,6,1,1,0,0
12.535454469301,6,1,1,0,0
12.5373246052426,6,1,1,0,0
12.379816011295,6,1,1,0,0
14.7607295250999,6,1,1,0,0
11.0634362266352,6,1,1,0,0
12.4299996703643,6,1,1,0,0
11.7052974927623,6,1,1,0,0
12.7771764365605,6,1,1,0,0
11.2245202769531,6,0,0,1,0
10.3926036251627,6,0,0,1,0
13.8505566444448,6,0,0,1,0
12.0690576912536,6,0,0,1,0
12.0033535550666,6,0,0,1,0
11.3709076825979,6,0,0,1,0
13.4255344696519,6,0,0,1,0
11.0178733785686,6,0,0,1,0
10.6963169116585,6,0,0,1,0
13.0395051545625,6,0,0,1,0
12.4087734698893,6,1,0,1,0
11.7841107896767,6,1,0,1,0
12.1996999964942,6,1,0,1,0
13.1652253861241,6,1,0,1,0
11.2157851879637,6,1,0,1,0
11.6238015909605,6,1,0,1,0
10.8812751437801,6,1,0,1,0
13.1777515267182,6,1,0,1,0
12.3901270123366,6,1,0,1,0
12.4705196165254,6,1,0,1,0
11.7158184997423,6,0,1,1,0
11.5350856190866,6,0,1,1,0
10.8931761194679,6,0,1,1,0
10.5846579501076,6,0,1,1,0
13.132800191881,6,0,1,1,0
9.64282015869792,6,0,1,1,0
10.2651790984544,6,0,1,1,0
12.6952845438927,6,0,1,1,0
11.4651984403884,6,0,1,1,0
11.782318857556,6,0,1,1,0
11.9260063795378,6,1,1,1,0
11.5495883502463,6,1,1,1,0
14.1436467953029,6,1,1,1,0
11.556062499503,6,1,1,1,0
13.0747989586623,6,1,1,1,0
12.0924221811331,6,1,1,1,0
11.1924496466536,6,1,1,1,0
11.5111689058352,6,1,1,1,0
12.7213259662176,6,1,1,1,0
12.6372778120816,6,1,1,1,0
9.95611358792033,6,0,0,0,1
11.3721366359813,6,0,0,0,1
12.2120061181587,6,0,0,0,1
11.5808932425434,6,0,0,0,1
12.7120929751963,6,0,0,0,1
13.2663698850594,6,0,0,0,1
12.2643649165143,6,0,0,0,1
12.1216187628576,6,0,0,0,1
12.7781467132658,6,0,0,0,1
12.2304931928995,6,0,0,0,1
12.3156759887787,6,1,0,0,1
11.8653423657649,6,1,0,0,1
13.2106572969321,6,1,0,0,1
11.3322360196095,6,1,0,0,1
10.8894927211039,6,1,0,0,1
11.4990498528604,6,1,0,0,1
13.4799531759235,6,1,0,0,1
11.8501090314288,6,1,0,0,1
12.1926248307976,6,1,0,0,1
14.7647891776218,6,1,0,0,1
12.5727864207628,6,0,1,0,1
13.8397139716588,6,0,1,0,1
12.6845368351591,6,0,1,0,1
11.7180933536756,6,0,1,0,1
12.263643041023,6,0,1,0,1
10.4999094433557,6,0,1,0,1
13.4343016813185,6,0,1,0,1
12.8718488762057,6,0,1,0,1
13.09219336135,6,0,1,0,1
11.9790931670789,6,0,1,0,1
12.6307685356253,6,1,1,0,1
13.7550667543924,6,1,1,0,1
12.0182179073897,6,1,1,0,1
12.7378199612192,6,1,1,0,1
12.6731842438814,6,1,1,0,1
12.4062733776131,6,1,1,0,1
11.9537949299164,6,1,1,0,1
10.3097664935491,6,1,1,0,1
12.8435016548241,6,1,1,0,1
14.620135745366,6,1,1,0,1
13.0594111896152,7,0,0,0,0
10.8237740007494,7,0,0,0,0
11.8675791263044,7,0,0,0,0
12.5116427398593,7,0,0,0,0
13.12348028211,7,0,0,0,0
14.3134914184685,7,0,0,0,0
11.7077473858858,7,0,0,0,0
12.3488154102215,7,0,0,0,0
11.6012078804078,7,0,0,0,0
13.3282118887804,7,0,0,0,0
12.0184002397289,7,1,0,0,0
13.6491313878282,7,1,0,0,0
11.3235845294227,7,1,0,0,0
11.1900991343478,7,1,0,0,0
13.8611909598955,7,1,0,0,0
11.0478300574445,7,1,0,0,0
11.3913013138977,7,1,0,0,0
11.9827040353376,7,1,0,0,0
12.9030887606374,7,1,0,0,0
12.7357483418089,7,1,0,0,0
13.2675856723305,7,0,1,0,0
11.2666157966821,7,0,1,0,0
12.1363791132459,7,0,1,0,0
10.9387998805843,7,0,1,0,0
11.9664679136704,7,0,1,0,0
13.1326166643656,7,0,1,0,0
11.5783699058247,7,0,1,0,0
11.5645118744534,7,0,1,0,0
12.0762267331469,7,0,1,0,0
11.2256413608733,7,0,1,0,0
11.1248435516288,7,1,1,0,0
11.2622262061822,7,1,1,0,0
11.369520197621,7,1,1,0,0
11.4187769533881,7,1,1,0,0
12.8732814393055,7,1,1,0,0
12.1632533489299,7,1,1,0,0
11.560023874791,7,1,1,0,0
13.376649955703,7,1,1,0,0
13.4964549213852,7,1,1,0,0
11.4540356151185,7,1,1,0,0
11.5612661913,7,0,0,1,0
9.87166509791838,7,0,0,1,0
11.585982098499,7,0,0,1,0
11.9441309794859,7,0,0,1,0
12.4349757953477,7,0,0,1,0
11.9291255542763,7,0,0,1,0
12.3357372920873,7,0,0,1,0
11.2211309817084,7,0,0,1,0
12.1086554086531,7,0,0,1,0
12.1255689585114,7,0,0,1,0
11.5679477510354,7,1,0,1,0
13.4620561891254,7,1,0,1,0
11.2970128363044,7,1,0,1,0
13.7876004953786,7,1,0,1,0
11.592767771873,7,1,0,1,0
10.1815090099621,7,1,0,1,0
10.9337795967153,7,1,0,1,0
12.9760325241881,7,1,0,1,0
9.10648897500446,7,1,0,1,0
11.1604505802762,7,1,0,1,0
11.4408234517958,7,0,1,1,0
10.840651109301,7,0,1,1,0
12.6153323260094,7,0,1,1,0
10.5398508473168,7,0,1,1,0
13.4910567628239,7,0,1,1,0
13.3431105275847,7,0,1,1,0
11.5609706683547,7,0,1,1,0
12.2401071775278,7,0,1,1,0
11.2933319402173,7,0,1,1,0
11.8152562311102,7,0,1,1,0
12.12698258799,7,1,1,1,0
12.9761840120627,7,1,1,1,0
12.0572748790531,7,1,1,1,0
11.1906528627054,7,1,1,1,0
12.9968250849828,7,1,1,1,0
12.5665146897776,7,1,1,1,0
11.5525991619683,7,1,1,1,0
12.4727094713155,7,1,1,1,0
12.193910590607,7,1,1,1,0
10.5309492581304,7,1,1,1,0
11.6908866533172,7,0,0,0,1
11.7251017839131,7,0,0,0,1
12.4837336430078,7,0,0,0,1
12.4219388762351,7,0,0,0,1
11.7965845276125,7,0,0,0,1
12.5672624474675,7,0,0,0,1
12.0953114032213,7,0,0,0,1
11.7629443388876,7,0,0,0,1
11.1440859151677,7,0,0,0,1
12.1470304177436,7,0,0,0,1
10.8656529068443,7,1,0,0,1
14.0651546142952,7,1,0,0,1
10.072959142435,7,1,0,0,1
10.3639940859857,7,1,0,0,1
13.0473301011573,7,1,0,0,1
12.2990521002434,7,1,0,0,1
13.421630345445,7,1,0,0,1
11.8477884807622,7,1,0,0,1
11.9287971418251,7,1,0,0,1
13.7857519654063,7,1,0,0,1
12.1091587157601,7,0,1,0,1
10.1373862824967,7,0,1,0,1
10.7682378856519,7,0,1,0,1
10.5461436037922,7,0,1,0,1
11.9507080347216,7,0,1,0,1
8.58243928850493,7,0,1,0,1
11.4282803164921,7,0,1,0,1
11.8989197856767,7,0,1,0,1
11.1412897966203,7,0,1,0,1
13.2137098105534,7,0,1,0,1
11.26952651491,7,1,1,0,1
12.2075773630798,7,1,1,0,1
12.5372013739857,7,1,1,0,1
13.4219759175825,7,1,1,0,1
12.6538177671485,7,1,1,0,1
12.44214633512,7,1,1,0,1
12.3175961548479,7,1,1,0,1
10.9881449996808,7,1,1,0,1
12.0722331154501,7,1,1,0,1
11.1690061671157,7,1,1,0,1
11.400703499103,8,0,0,0,0
11.5488446100458,8,0,0,0,0
12.8159599651435,8,0,0,0,0
12.3747914901396,8,0,0,0,0
12.2838729416478,8,0,0,0,0
13.151406890703,8,0,0,0,0
8.174474566295,8,0,0,0,0
11.6418986064887,8,0,0,0,0
14.1616725251472,8,0,0,0,0
13.3267409712368,8,0,0,0,0
11.8806979528904,8,1,0,0,0
11.1775125396564,8,1,0,0,0
12.5240594306718,8,1,0,0,0
11.9926096954947,8,1,0,0,0
11.5432257404735,8,1,0,0,0
11.6329803855152,8,1,0,0,0
11.9824728520995,8,1,0,0,0
12.0305572172058,8,1,0,0,0
12.7988442028138,8,1,0,0,0
13.6652405146827,8,1,0,0,0
12.9508188568144,8,0,1,0,0
11.6500584718505,8,0,1,0,0
12.4030474099734,8,0,1,0,0
11.1807115991061,8,0,1,0,0
11.130181408437,8,0,1,0,0
10.1000560352197,8,0,1,0,0
11.3218705473026,8,0,1,0,0
9.79533085726758,8,0,1,0,0
10.6724571494297,8,0,1,0,0
13.8710194984589,8,0,1,0,0
10.3509462355177,8,1,1,0,0
11.8247709066126,8,1,1,0,0
13.3162628769603,8,1,1,0,0
11.1155299065624,8,1,1,0,0
11.3161327118763,8,1,1,0,0
11.9246593465006,8,1,1,0,0
12.3021541785226,8,1,1,0,0
12.3677223485531,8,1,1,0,0
12.1624351212781,8,1,1,0,0
11.8194060046058,8,1,1,0,0
11.8051430905846,8,0,0,1,0
11.8160378162307,8,0,0,1,0
12.0205625532076,8,0,0,1,0
12.4696583892531,8,0,0,1,0
12.7786919038638,8,0,0,1,0
13.7658391045159,8,0,0,1,0
13.755323386926,8,0,0,1,0
11.3918360309956,8,0,0,1,0
11.7100364076819,8,0,0,1,0
11.7919352236926,8,0,0,1,0
11.2374119247931,8,1,0,1,0
11.8219504901417,8,1,0,1,0
11.2450161997363,8,1,0,1,0
12.4152630117987,8,1,0,1,0
10.9667057637192,8,1,0,1,0
11.6291200086466,8,1,0,1,0
11.6515657191554,8,1,0,1,0
10.7490916155382,8,1,0,1,0
10.1634658645238,8,1,0,1,0
11.3928295458333,8,1,0,1,0
10.6899153915252,8,0,1,1,0
12.7294613171862,8,0,1,1,0
10.509552858005,8,0,1,1,0
13.0665661272731,8,0,1,1,0
11.9494718378942,8,0,1,1,0
13.2762169266166,8,0,1,1,0
14.0948733848736,8,0,1,1,0
11.3655229841971,8,0,1,1,0
11.5463141659567,8,0,1,1,0
12.8999844193863,8,0,1,1,0
11.5877658151486,8,1,1,1,0
12.5895408047704,8,1,1,1,0
10.0136892170029,8,1,1,1,0
12.2380795561991,8,1,1,1,0
11.8058505499677,8,1,1,1,0
12.3744808968635,8,1,1,1,0
12.8329945585344,8,1,1,1,0
14.8659769155703,8,1,1,1,0
11.1977188581765,8,1,1,1,0
12.8070487138803,8,1,1,1,0
12.8622416770979,8,0,0,0,1
12.2810791298146,8,0,0,0,1
11.8793431964361,8,0,0,0,1
13.6228703288252,8,0,0,0,1
12.0740150488995,8,0,0,0,1
12.1549564091846,8,0,0,0,1
12.4754732955678,8,0,0,0,1
13.1161537095522,8,0,0,0,1
12.5363660817774,8,0,0,0,1
11.6189431218587,8,0,0,0,1
12.0108837501753,8,1,0,0,1
13.7708113329218,8,1,0,0,1
12.3956684291807,8,1,0,0,1
11.6960834146283,8,1,0,0,1
12.1975124955532,8,1,0,0,1
11.8166029506716,8,1,0,0,1
11.2853466006345,8,1,0,0,1
13.6529130999191,8,1,0,0,1
13.5836413037154,8,1,0,0,1
13.1712075162503,8,1,0,0,1
10.2187419746634,8,0,1,0,1
11.6907780563234,8,0,1,0,1
12.3018817171706,8,0,1,0,1
11.4767252672869,8,0,1,0,1
11.7953073265353,8,0,1,0,1
12.8582285420906,8,0,1,0,1
11.8841599070796,8,0,1,0,1
11.8607674853486,8,0,1,0,1
12.0648526536959,8,0,1,0,1
10.8863441147784,8,0,1,0,1
12.3812060432757,8,1,1,0,1
12.9541411021466,8,1,1,0,1
13.7826870986647,8,1,1,0,1
11.3706988149019,8,1,1,0,1
11.7953544788203,8,1,1,0,1
12.3375144022809,8,1,1,0,1
12.2984212966152,8,1,1,0,1
12.6687854285593,8,1,1,0,1
11.1948607713513,8,1,1,0,1
11.7354454110908,8,1,1,0,1
10.8168570439834,9,0,0,0,0
11.9954801169201,9,0,0,0,0
10.8279092625211,9,0,0,0,0
11.1713471013356,9,0,0,0,0
12.9633779240864,9,0,0,0,0
10.9553480519852,9,0,0,0,0
12.2568805560316,9,0,0,0,0
13.6320875543755,9,0,0,0,0
11.22302344305,9,0,0,0,0
11.9740485154077,9,0,0,0,0
12.5793003037309,9,1,0,0,0
12.6165430173628,9,1,0,0,0
11.7604234761144,9,1,0,0,0
11.5331287407692,9,1,0,0,0
11.1239122216227,9,1,0,0,0
11.7943068060976,9,1,0,0,0
11.3995697268596,9,1,0,0,0
11.4607251206813,9,1,0,0,0
12.7077419578656,9,1,0,0,0
11.444402534627,9,1,0,0,0
13.1484619808522,9,0,1,0,0
11.6694049955968,9,0,1,0,0
11.7480049108798,9,0,1,0,0
12.100794817367,9,0,1,0,0
11.5175294803485,9,0,1,0,0
12.1382843560316,9,0,1,0,0
12.0927319558694,9,0,1,0,0
13.386019262655,9,0,1,0,0
12.2226683203645,9,0,1,0,0
12.4477386904562,9,0,1,0,0
11.6871318242175,9,1,1,0,0
11.6196969030141,9,1,1,0,0
11.7768069163697,9,1,1,0,0
11.5314559518355,9,1,1,0,0
11.6295304518973,9,1,1,0,0
10.4480537897438,9,1,1,0,0
11.7240732188502,9,1,1,0,0
10.3580753124515,9,1,1,0,0
11.3334284743614,9,1,1,0,0
14.3137704033799,9,1,1,0,0
13.3002394547008,9,0,0,1,0
10.0279859115063,9,0,0,1,0
12.3125720558275,9,0,0,1,0
13.7889329000229,9,0,0,1,0
13.8362713722108,9,0,0,1,0
10.7417278592413,9,0,0,1,0
11.149382470878,9,0,0,1,0
13.2987392787747,9,0,0,1,0
11.4749954418025,9,0,0,1,0
10.798495335551,9,0,0,1,0
11.8571478127867,9,1,0,1,0
13.7683554577189,9,1,0,1,0
11.8355532594792,9,1,0,1,0
13.788209798371,9,1,0,1,0
11.5230611156224,9,1,0,1,0
12.8174486854188,9,1,0,1,0
14.0482010027593,9,1,0,1,0
12.5164680299488,9,1,0,1,0
13.810728015473,9,1,0,1,0
13.7715791125053,9,1,0,1,0
12.4302583878363,9,0,1,1,0
11.637305940495,9,0,1,1,0
10.4742196325249,9,0,1,1,0
12.5912052467214,9,0,1,1,0
12.1475506729764,9,0,1,1,0
11.336154639077,9,0,1,1,0
11.9106027962948,9,0,1,1,0
12.5017310585652,9,0,1,1,0
12.8376526284507,9,0,1,1,0
11.8454525096411,9,0,1,1,0
11.0843714366751,9,1,1,1,0
12.1066590114087,9,1,1,1,0
12.399436239304,9,1,1,1,0
11.4718964240557,9,1,1,1,0
11.228264667473,9,1,1,1,0
12.8862056506845,9,1,1,1,0
9.27931240106468,9,1,1,1,0
12.7343975123929,9,1,1,1,0
12.1867317426642,9,1,1,1,0
12.6114801773313,9,1,1,1,0
12.73740017047,9,0,0,0,1
11.8681072768209,9,0,0,0,1
8.67576812906728,9,0,0,0,1
12.9723738653839,9,0,0,0,1
13.1989380345551,9,0,0,0,1
12.4433890031305,9,0,0,0,1
8.62694093569913,9,0,0,0,1
11.2574757466942,9,0,0,0,1
11.6899782254038,9,0,0,0,1
10.3733697122441,9,0,0,0,1
12.2949431713314,9,1,0,0,1
13.4260787622541,9,1,0,0,1
12.466678944324,9,1,0,0,1
12.1819992962828,9,1,0,0,1
13.4051830729585,9,1,0,0,1
11.874647604354,9,1,0,0,1
11.849883957497,9,1,0,0,1
11.7764402328352,9,1,0,0,1
11.5950038100757,9,1,0,0,1
12.6807611496424,9,1,0,0,1
13.7382001806889,9,0,1,0,1
10.2114699526128,9,0,1,0,1
13.6099168082566,9,0,1,0,1
10.8816846913796,9,0,1,0,1
12.0728366002218,9,0,1,0,1
11.5754798996196,9,0,1,0,1
13.4983048894769,9,0,1,0,1
11.4955819491207,9,0,1,0,1
10.9189477994317,9,0,1,0,1
10.9525342108511,9,0,1,0,1
12.6147126947538,9,1,1,0,1
12.5712534542036,9,1,1,0,1
10.8092867921293,9,1,1,0,1
13.3251810039416,9,1,1,0,1
12.4641527846893,9,1,1,0,1
14.1406014283735,9,1,1,0,1
13.4398072424906,9,1,1,0,1
13.4287900709742,9,1,1,0,1
10.7698423563476,9,1,1,0,1
12.3032938459696,9,1,1,0,1
10.9301231565732,10,0,0,0,0
12.142266166074,10,0,0,0,0
12.3034564317083,10,0,0,0,0
11.4247531096797,10,0,0,0,0
13.7824517470206,10,0,0,0,0
12.6994520694078,10,0,0,0,0
10.6745891019701,10,0,0,0,0
12.8633951950584,10,0,0,0,0
12.7422790979864,10,0,0,0,0
11.9252626693954,10,0,0,0,0
12.297997978532,10,1,0,0,0
11.2383979634518,10,1,0,0,0
11.5226439327026,10,1,0,0,0
12.0327835550617,10,1,0,0,0
10.2113668506463,10,1,0,0,0
11.5642402644442,10,1,0,0,0
12.0186378851757,10,1,0,0,0
11.9092008902793,10,1,0,0,0
13.7734110080116,10,1,0,0,0
13.2380116114149,10,1,0,0,0
13.1456042755828,10,0,1,0,0
11.0374744247968,10,0,1,0,0
13.4954688478484,10,0,1,0,0
12.3777167178252,10,0,1,0,0
12.1554589636987,10,0,1,0,0
10.4471082980024,10,0,1,0,0
10.0091681643245,10,0,1,0,0
11.7807347565681,10,0,1,0,0
12.1404863998576,10,0,1,0,0
10.7664063766549,10,0,1,0,0
9.89672781954208,10,1,1,0,0
11.3568840904812,10,1,1,0,0
13.5128380564925,10,1,1,0,0
11.1172938830066,10,1,1,0,0
11.2128598438752,10,1,1,0,0
10.0673869494709,10,1,1,0,0
12.2107864582119,10,1,1,0,0
11.6314017113553,10,1,1,0,0
11.5225507495878,10,1,1,0,0
12.3720925745863,10,1,1,0,0
10.8409774742968,10,0,0,1,0
12.600912738115,10,0,0,1,0
10.8771029619345,10,0,0,1,0
13.4597040797157,10,0,0,1,0
12.7515785770857,10,0,0,1,0
13.369329769871,10,0,0,1,0
11.2287595086761,10,0,0,1,0
12.9166726582599,10,0,0,1,0
11.0171845953808,10,0,0,1,0
10.2222789095843,10,0,0,1,0
10.6745004174744,10,1,0,1,0
13.4168288247087,10,1,0,1,0
11.6282629848649,10,1,0,1,0
11.6864454318666,10,1,0,1,0
11.3081204437246,10,1,0,1,0
12.688734275381,10,1,0,1,0
12.4383984189016,10,1,0,1,0
12.2558506812053,10,1,0,1,0
12.6619372475108,10,1,0,1,0
12.1613864414604,10,1,0,1,0
12.0474027993512,10,0,1,1,0
13.1598152707245,10,0,1,1,0
11.0344557971276,10,0,1,1,0
11.7966206292803,10,0,1,1,0
13.699931133175,10,0,1,1,0
13.2557277774825,10,0,1,1,0
9.91956960599751,10,0,1,1,0
13.1469572953704,10,0,1,1,0
12.9824000070997,10,0,1,1,0
11.1504931097562,10,0,1,1,0
11.6307450334053,10,1,1,1,0
10.5204404719539,10,1,1,1,0
10.2881988226969,10,1,1,1,0
11.0352660942094,10,1,1,1,0
11.6956686031253,10,1,1,1,0
12.4167869228865,10,1,1,1,0
13.6549385209911,10,1,1,1,0
12.2087583202882,10,1,1,1,0
11.3726187262558,10,1,1,1,0
11.4711595056119,10,1,1,1,0
10.6705052140386,10,0,0,0,1
12.2801613820238,10,0,0,0,1
12.4066125033347,10,0,0,0,1
11.4206596539479,10,0,0,0,1
13.2098513766286,10,0,0,0,1
12.2285321944394,10,0,0,0,1
13.2917349070484,10,0,0,0,1
10.6009732278321,10,0,0,0,1
11.8789618829846,10,0,0,0,1
11.106901795796,10,0,0,0,1
11.5436349771017,10,1,0,0,1
10.9341714039103,10,1,0,0,1
12.3068305209305,10,1,0,0,1
13.1761762108047,10,1,0,0,1
12.9692800027264,10,1,0,0,1
10.8605791946627,10,1,0,0,1
13.0918325972561,10,1,0,0,1
13.2863998569928,10,1,0,0,1
13.6441213728017,10,1,0,0,1
12.9063865755754,10,1,0,0,1
11.7987909177053,10,0,1,0,1
14.2944251101361,10,0,1,0,1
10.6451808103723,10,0,1,0,1
12.6252325311596,10,0,1,0,1
11.1178556805195,10,0,1,0,1
11.5250168321817,10,0,1,0,1
11.5554683815889,10,0,1,0,1
14.0497093544671,10,0,1,0,1
13.7905576786078,10,0,1,0,1
11.6625754719181,10,0,1,0,1
12.6195606412118,10,1,1,0,1
12.7491948102321,10,1,1,0,1
10.4405310317163,10,1,1,0,1
11.8368692869261,10,1,1,0,1
12.0486788461886,10,1,1,0,1
10.5538565412387,10,1,1,0,1
13.2103659961591,10,1,1,0,1
12.6081468119183,10,1,1,0,1
12.8788060603568,10,1,1,0,1
12.563618771452,10,1,1,0,1
11.3885383641991,11,0,0,0,0
13.2899485799828,11,0,0,0,0
11.5192791174711,11,0,0,0,0
13.1025147812439,11,0,0,0,0
11.5406653396243,11,0,0,0,0
12.9958701811981,11,0,0,0,0
11.0287962659355,11,0,0,0,0
11.2559191382177,11,0,0,0,0
12.8811634105713,11,0,0,0,0
13.0180826698338,11,0,0,0,0
11.905734953989,11,1,0,0,0
11.1189751151793,11,1,0,0,0
12.7673157916168,11,1,0,0,0
11.7880038451695,11,1,0,0,0
10.1896659086401,11,1,0,0,0
12.4055684611091,11,1,0,0,0
13.9462738222993,11,1,0,0,0
11.4289419044094,11,1,0,0,0
12.1689675139731,11,1,0,0,0
11.7245219742588,11,1,0,0,0
11.4428208804721,11,0,1,0,0
12.8841010352227,11,0,1,0,0
12.4259262341949,11,0,1,0,0
11.6101727315013,11,0,1,0,0
12.1199168587917,11,0,1,0,0
12.7278465132596,11,0,1,0,0
11.693851003722,11,0,1,0,0
13.0903098812099,11,0,1,0,0
12.4233877782074,11,0,1,0,0
12.3469141502072,11,0,1,0,0
13.9544669397397,11,1,1,0,0
11.963610475388,11,1,1,0,0
12.8964443841291,11,1,1,0,0
10.2721869543626,11,1,1,0,0
14.0625029891567,11,1,1,0,0
12.5104349142395,11,1,1,0,0
10.3363324039095,11,1,1,0,0
11.648725072857,11,1,1,0,0
11.6048289436177,11,1,1,0,0
14.5304194140923,11,1,1,0,0
11.3057285313164,11,0,0,1,0
10.3952379846348,11,0,0,1,0
11.3669508066511,11,0,0,1,0
11.4688652467361,11,0,0,1,0
12.2296152231419,11,0,0,1,0
12.7627430083754,11,0,0,1,0
13.1040021299301,11,0,0,1,0
9.92886454478286,11,0,0,1,0
10.3714228317793,11,0,0,1,0
11.5780051038879,11,0,0,1,0
11.013234007832,11,1,0,1,0
10.7421466558949,11,1,0,1,0
12.0840904886074,11,1,0,1,0
12.0811240416164,11,1,0,1,0
10.6970165189711,11,1,0,1,0
11.1740918082627,11,1,0,1,0
12.4553905832686,11,1,0,1,0
9.72021312081034,11,1,0,1,0
13.5738000355087,11,1,0,1,0
8.32453492206919,11,1,0,1,0
11.4148911935799,11,0,1,1,0
12.5016369796569,11,0,1,1,0
9.78839241877043,11,0,1,1,0
11.8740343505315,11,0,1,1,0
9.97457252697949,11,0,1,1,0
11.559873331938,11,0,1,1,0
11.1085664906458,11,0,1,1,0
12.9756749010817,11,0,1,1,0
12.666719703173,11,0,1,1,0
15.1920043288156,11,0,1,1,0
11.5955230806012,11,1,1,1,0
11.7355538712261,11,1,1,1,0
11.4166460239879,11,1,1,1,0
12.1543652843413,11,1,1,1,0
11.6035741639371,11,1,1,1,0
13.1120169800244,11,1,1,1,0
12.9355915157177,11,1,1,1,0
13.2416942795433,11,1,1,1,0
11.5808340717515,11,1,1,1,0
10.8347264596255,11,1,1,1,0
13.0851523495049,11,0,0,0,1
11.4317090700386,11,0,0,0,1
12.5460193906831,11,0,0,0,1
12.3312490553781,11,0,0,0,1
11.2595939295347,11,0,0,0,1
11.6658750319802,11,0,0,0,1
10.3642515781554,11,0,0,0,1
12.2255714585265,11,0,0,0,1
11.2251717820812,11,0,0,0,1
11.0333473638405,11,0,0,0,1
12.0748476125828,11,1,0,0,1
10.0988395070748,11,1,0,0,1
11.5230209202301,11,1,0,0,1
12.7161998128678,11,1,0,0,1
10.2215097770575,11,1,0,0,1
11.0700671107724,11,1,0,0,1
11.0194630263352,11,1,0,0,1
10.9231400502876,11,1,0,0,1
11.1828693194304,11,1,0,0,1
11.575086331422,11,1,0,0,1
12.9772102441379,11,0,1,0,1
10.2406451226226,11,0,1,0,1
11.8374647785432,11,0,1,0,1
11.7495299130977,11,0,1,0,1
12.5804562898385,11,0,1,0,1
12.1253608782356,11,0,1,0,1
12.1922420634481,11,0,1,0,1
12.475886516398,11,0,1,0,1
11.7689339142404,11,0,1,0,1
13.5969658794532,11,0,1,0,1
12.6443450490123,11,1,1,0,1
13.4125142185953,11,1,1,0,1
12.7151170502771,11,1,1,0,1
11.2205024814177,11,1,1,0,1
12.2464609764744,11,1,1,0,1
13.0334828273405,11,1,1,0,1
12.479412562593,11,1,1,0,1
10.9029977122485,11,1,1,0,1
13.5406126313769,11,1,1,0,1
11.1375236828267,11,1,1,0,1
11.4516759049847,12,0,0,0,0
13.240012539724,12,0,0,0,0
13.3149636604834,12,0,0,0,0
11.7243367262186,12,0,0,0,0
12.2703872674749,12,0,0,0,0
12.2551062754259,12,0,0,0,0
11.8641097937821,12,0,0,0,0
10.7336746766371,12,0,0,0,0
14.015135843421,12,0,0,0,0
10.549267757011,12,0,0,0,0
10.6710380878651,12,1,0,0,0
11.4312088966134,12,1,0,0,0
11.4324178275486,12,1,0,0,0
12.2764961319478,12,1,0,0,0
11.8166464531783,12,1,0,0,0
10.9426576785856,12,1,0,0,0
13.3518558089784,12,1,0,0,0
11.0926863294276,12,1,0,0,0
13.9138960454059,12,1,0,0,0
12.5976741820702,12,1,0,0,0
13.1952848683661,12,0,1,0,0
12.1446339014111,12,0,1,0,0
10.269476487392,12,0,1,0,0
11.2097790961961,12,0,1,0,0
11.4045600283477,12,0,1,0,0
13.6984892242248,12,0,1,0,0
11.4263352596695,12,0,1,0,0
12.3633225587612,12,0,1,0,0
11.4763272729269,12,0,1,0,0
13.0305046607641,12,0,1,0,0
12.2060997735498,12,1,1,0,0
12.5378038413073,12,1,1,0,0
12.392978674726,12,1,1,0,0
10.4165801868649,12,1,1,0,0
11.8290264899008,12,1,1,0,0
12.4557477961312,12,1,1,0,0
12.8047760704092,12,1,1,0,0
11.1966241815726,12,1,1,0,0
11.3995803422026,12,1,1,0,0
11.2213722366271,12,1,1,0,0
10.8288778961982,12,0,0,1,0
10.9944653472932,12,0,0,1,0
12.1450678883046,12,0,0,1,0
11.4687011486251,12,0,0,1,0
12.0803123574005,12,0,0,1,0
11.4740286128632,12,0,0,1,0
12.6595165545608,12,0,0,1,0
11.1445650292006,12,0,0,1,0
12.3206065167566,12,0,0,1,0
10.4362078307799,12,0,0,1,0
13.6665649171637,12,1,0,1,0
12.5211151175041,12,1,0,1,0
11.4453941910412,12,1,0,1,0
11.5707281730546,12,1,0,1,0
11.3425362071393,12,1,0,1,0
12.4720131718113,12,1,0,1,0
12.7430094416964,12,1,0,1,0
11.3021905462502,12,1,0,1,0
12.4278871757982,12,1,0,1,0
11.9827135378824,12,1,0,1,0
11.9267057111842,12,0,1,1,0
11.5878877987094,12,0,1,1,0
11.1108770288636,12,0,1,1,0
13.6772804420163,12,0,1,1,0
12.1006367124209,12,0,1,1,0
11.9716370734454,12,0,1,1,0
10.189649350078,12,0,1,1,0
12.3449573717343,12,0,1,1,0
11.0979849979554,12,0,1,1,0
10.4835288234626,12,0,1,1,0
13.2903254092036,12,1,1,1,0
11.4076991578341,12,1,1,1,0
12.23733102768,12,1,1,1,0
12.9869606383387,12,1,1,1,0
11.6740884651433,12,1,1,1,0
12.2921087970841,12,1,1,1,0
12.2579795234878,12,1,1,1,0
14.2163258197612,12,1,1,1,0
10.3107583934509,12,1,1,1,0
12.502705625963,12,1,1,1,0
12.830155489879,12,0,0,0,1
12.7183564669044,12,0,0,0,1
13.0345190774643,12,0,0,0,1
11.9052512392943,12,0,0,0,1
11.3603929646012,12,0,0,0,1
11.479910685082,12,0,0,0,1
13.5614849737713,12,0,0,0,1
11.8862929576824,12,0,0,0,1
10.8518531199412,12,0,0,0,1
13.282301717452,12,0,0,0,1
12.1909357447662,12,1,0,0,1
14.0241453842868,12,1,0,0,1
12.1616781390137,12,1,0,0,1
11.8964414535197,12,1,0,0,1
11.7928508229578,12,1,0,0,1
11.6881076293913,12,1,0,0,1
11.0271764046772,12,1,0,0,1
11.3483378711561,12,1,0,0,1
12.7486208561102,12,1,0,0,1
10.051352160292,12,1,0,0,1
12.016214491926,12,0,1,0,1
10.3841067402844,12,0,1,0,1
12.3990498424772,12,0,1,0,1
12.097517373458,12,0,1,0,1
10.6555173975162,12,0,1,0,1
11.8647604435758,12,0,1,0,1
10.4569807380347,12,0,1,0,1
10.5893632917793,12,0,1,0,1
11.6995374764033,12,0,1,0,1
11.4763184158296,12,0,1,0,1
11.6991734035364,12,1,1,0,1
12.0255773114,12,1,1,0,1
11.174475413833,12,1,1,0,1
11.3330471167902,12,1,1,0,1
12.3847936472635,12,1,1,0,1
10.5189648441417,12,1,1,0,1
10.9562514988112,12,1,1,0,1
12.3864303054872,12,1,1,0,1
13.2195576364867,12,1,1,0,1
11.3844418097347,12,1,1,0,1
11.6826517549484,13,0,0,0,0
10.1906545399153,13,0,0,0,0
12.2075725698363,13,0,0,0,0
12.2062859188049,13,0,0,0,0
13.2685048066979,13,0,0,0,0
11.527595376473,13,0,0,0,0
11.6604959636541,13,0,0,0,0
11.9859836883823,13,0,0,0,0
11.1831784761045,13,0,0,0,0
10.9491589943238,13,0,0,0,0
12.6375104473034,13,1,0,0,0
11.6086313217972,13,1,0,0,0
11.5935102569806,13,1,0,0,0
12.1225353594745,13,1,0,0,0
11.7133723232098,13,1,0,0,0
11.5790416293977,13,1,0,0,0
13.0513810798772,13,1,0,0,0
10.3679323540831,13,1,0,0,0
12.5286452741695,13,1,0,0,0
11.7015433809171,13,1,0,0,0
9.4653874405177,13,0,1,0,0
11.2232312763305,13,0,1,0,0
10.4268734275571,13,0,1,0,0
11.9505604697809,13,0,1,0,0
12.3120335184119,13,0,1,0,0
13.2703677089094,13,0,1,0,0
10.9038689298277,13,0,1,0,0
11.3369077629711,13,0,1,0,0
13.4423936266476,13,0,1,0,0
11.801070972126,13,0,1,0,0
13.4501112953062,13,1,1,0,0
12.653949894047,13,1,1,0,0
10.6417389175961,13,1,1,0,0
13.1915772975936,13,1,1,0,0
13.5955810727149,13,1,1,0,0
11.9974327398377,13,1,1,0,0
13.3339576681006,13,1,1,0,0
10.7874056299071,13,1,1,0,0
13.6246585936484,13,1,1,0,0
12.4312743793347,13,1,1,0,0
10.9270633934462,13,0,0,1,0
14.205820724221,13,0,0,1,0
11.6751723974595,13,0,0,1,0
12.2382871259182,13,0,0,1,0
11.5055726100926,13,0,0,1,0
10.5126471115161,13,0,0,1,0
11.7013577428968,13,0,0,1,0
10.9722386066906,13,0,0,1,0
11.5710661058351,13,0,0,1,0
13.4955243615989,13,0,0,1,0
12.2392683947157,13,1,0,1,0
14.0280255009654,13,1,0,1,0
12.458226814257,13,1,0,1,0
11.5553311116595,13,1,0,1,0
14.1450910234543,13,1,0,1,0
12.0999791269198,13,1,0,1,0
11.3430245140291,13,1,0,1,0
11.440807011299,13,1,0,1,0
10.9824463357256,13,1,0,1,0
11.484176231553,13,1,0,1,0
13.1557044491329,13,0,1,1,0
12.0112033666215,13,0,1,1,0
12.7463998083234,13,0,1,1,0
12.313886097342,13,0,1,1,0
12.7100212869218,13,0,1,1,0
10.2362792391475,13,0,1,1,0
11.7219396337219,13,0,1,1,0
11.4965106657636,13,0,1,1,0
12.2187239059029,13,0,1,1,0
12.0662018282353,13,0,1,1,0
12.801019462255,13,1,1,1,0
12.6458417849348,13,1,1,1,0
12.6561577196758,13,1,1,1,0
12.0812997259998,13,1,1,1,0
12.4919905660733,13,1,1,1,0
12.2551678421517,13,1,1,1,0
10.6817806175654,13,1,1,1,0
12.1852632309429,13,1,1,1,0
12.5901158926921,13,1,1,1,0
13.7876150781761,13,1,1,1,0
12.734975566743,13,0,0,0,1
10.7568123268569,13,0,0,0,1
12.1593716209649,13,0,0,0,1
13.8285117219311,13,0,0,0,1
12.5157850218129,13,0,0,0,1
12.2875350398261,13,0,0,0,1
11.7852684369965,13,0,0,0,1
10.5931706538171,13,0,0,0,1
12.3790954065922,13,0,0,0,1
12.8209145714924,13,0,0,0,1
12.8436859717768,13,1,0,0,1
12.1931599687762,13,1,0,0,1
10.5700401031759,13,1,0,0,1
11.4905010570726,13,1,0,0,1
10.3142857974123,13,1,0,0,1
11.9260409641842,13,1,0,0,1
10.759477464242,13,1,0,0,1
11.8859755935498,13,1,0,0,1
11.6483606968663,13,1,0,0,1
9.98737825391913,13,1,0,0,1
12.4606467402226,13,0,1,0,1
10.4887749625362,13,0,1,0,1
12.7014050349075,13,0,1,0,1
11.309086778177,13,0,1,0,1
11.6616007532347,13,0,1,0,1
13.1424243349233,13,0,1,0,1
12.7972540401684,13,0,1,0,1
11.8724823065174,13,0,1,0,1
12.461378545072,13,0,1,0,1
11.4924113780605,13,0,1,0,1
12.7488772757981,13,1,1,0,1
11.9117126727458,13,1,1,0,1
12.8009072962507,13,1,1,0,1
10.0663514091588,13,1,1,0,1
13.5244618033184,13,1,1,0,1
12.3937757137845,13,1,1,0,1
14.545985889548,13,1,1,0,1
9.9019525478952,13,1,1,0,1
9.10683900867493,13,1,1,0,1
12.1705172544758,13,1,1,0,1
13.1805366084221,14,0,0,0,0
12.3078523451826,14,0,0,0,0
11.6724466636533,14,0,0,0,0
12.419316596375,14,0,0,0,0
12.7217574743146,14,0,0,0,0
13.4384356784686,14,0,0,0,0
12.4262969484589,14,0,0,0,0
13.18171443753,14,0,0,0,0
11.7150449724831,14,0,0,0,0
11.7258839241962,14,0,0,0,0
13.3443131887591,14,1,0,0,0
13.0357367617259,14,1,0,0,0
11.4727954371716,14,1,0,0,0
12.7122152531726,14,1,0,0,0
10.2061628058832,14,1,0,0,0
13.4085521965933,14,1,0,0,0
11.1139298372531,14,1,0,0,0
11.1596326377634,14,1,0,0,0
13.2605958591296,14,1,0,0,0
12.9434163260448,14,1,0,0,0
11.9395304187513,14,0,1,0,0
11.3874004137147,14,0,1,0,0
12.2072919070595,14,0,1,0,0
12.4859952658136,14,0,1,0,0
12.2241417101659,14,0,1,0,0
11.7760326171634,14,0,1,0,0
10.3481344594584,14,0,1,0,0
11.3072034199494,14,0,1,0,0
12.0731126916232,14,0,1,0,0
11.6655982047626,14,0,1,0,0
12.8041207852049,14,1,1,0,0
13.3518287418334,14,1,1,0,0
11.6972942349268,14,1,1,0,0
13.7541402717627,14,1,1,0,0
13.3492646495968,14,1,1,0,0
11.8271700428306,14,1,1,0,0
11.527478634961,14,1,1,0,0
12.1072951565944,14,1,1,0,0
13.0817138095206,14,1,1,0,0
12.0902624231216,14,1,1,0,0
11.7746836638097,14,0,0,1,0
11.9071066925506,14,0,0,1,0
13.1134816125729,14,0,0,1,0
12.7097030519864,14,0,0,1,0
11.7649293087284,14,0,0,1,0
11.1974784284017,14,0,0,1,0
11.4986666211648,14,0,0,1,0
10.3509177485136,14,0,0,1,0
11.7156751200785,14,0,0,1,0
11.2192167727123,14,0,0,1,0
12.0959200339929,14,1,0,1,0
13.6111380755978,14,1,0,1,0
11.8886693704067,14,1,0,1,0
10.8834147741514,14,1,0,1,0
12.0463970519817,14,1,0,1,0
12.3662351819553,14,1,0,1,0
10.1440812823522,14,1,0,1,0
12.5086085631355,14,1,0,1,0
11.7775652862946,14,1,0,1,0
12.2704325783577,14,1,0,1,0
13.2724135240451,14,0,1,1,0
11.4284290618872,14,0,1,1,0
10.9450756855089,14,0,1,1,0
10.3539776907376,14,0,1,1,0
13.1499220498819,14,0,1,1,0
11.5690787711202,14,0,1,1,0
11.6106562855886,14,0,1,1,0
11.6513999076998,14,0,1,1,0
13.6093187282677,14,0,1,1,0
10.9684355166716,14,0,1,1,0
10.5841497429309,14,1,1,1,0
12.5426612221719,14,1,1,1,0
11.2978159647999,14,1,1,1,0
12.4064564554527,14,1,1,1,0
11.9803393590512,14,1,1,1,0
11.9968377788158,14,1,1,1,0
11.2799884221721,14,1,1,1,0
11.8725932960145,14,1,1,1,0
12.9312577875052,14,1,1,1,0
12.2180245053085,14,1,1,1,0
13.6872574252419,14,0,0,0,1
11.7593672537299,14,0,0,0,1
12.5771342560292,14,0,0,0,1
10.5679689829738,14,0,0,0,1
11.6500550886889,14,0,0,0,1
11.3088187746776,14,0,0,0,1
11.5892335274211,14,0,0,0,1
11.8766926514834,14,0,0,0,1
11.9991797418218,14,0,0,0,1
10.5283400781191,14,0,0,0,1
12.3491120352646,14,1,0,0,1
12.8238429699683,14,1,0,0,1
12.518164616739,14,1,0,0,1
11.8481469200017,14,1,0,0,1
12.6548371302104,14,1,0,0,1
13.5323916700848,14,1,0,0,1
12.3071605118326,14,1,0,0,1
12.3588085780459,14,1,0,0,1
11.5362416773898,14,1,0,0,1
12.167363258092,14,1,0,0,1
11.7708584462846,14,0,1,0,1
13.4597911592236,14,0,1,0,1
11.4513992694709,14,0,1,0,1
13.5651792589412,14,0,1,0,1
12.6445651789507,14,0,1,0,1
11.5637812692228,14,0,1,0,1
9.52335565734334,14,0,1,0,1
12.6790393447686,14,0,1,0,1
13.9681257700239,14,0,1,0,1
11.4016298544027,14,0,1,0,1
12.1242911788063,14,1,1,0,1
9.52190885861244,14,1,1,0,1
12.9331027204478,14,1,1,0,1
10.404376469214,14,1,1,0,1
13.1746949304011,14,1,1,0,1
12.3349651916691,14,1,1,0,1
12.4930873732225,14,1,1,0,1
11.9662653192946,14,1,1,0,1
11.3036271658904,14,1,1,0,1
10.2996813205761,14,1,1,0,1
11.5788775236379,15,0,0,0,0
11.1440094233968,15,0,0,0,0
12.4875741942026,15,0,0,0,0
11.8854330962745,15,0,0,0,0
11.1029078181298,15,0,0,0,0
11.3082605881264,15,0,0,0,0
11.850191615641,15,0,0,0,0
11.1187778262455,15,0,0,0,0
13.0322753417549,15,0,0,0,0
12.0177427723797,15,0,0,0,0
11.7108157283451,15,1,0,0,0
11.1256406708557,15,1,0,0,0
10.9376223868404,15,1,0,0,0
13.4831272060827,15,1,0,0,0
11.9496024932312,15,1,0,0,0
11.5892818817543,15,1,0,0,0
13.8169855641051,15,1,0,0,0
13.0369649781827,15,1,0,0,0
12.666595323332,15,1,0,0,0
12.1080643048423,15,1,0,0,0
10.855070633384,15,0,1,0,0
14.4231650901562,15,0,1,0,0
13.0242638103595,15,0,1,0,0
9.85869940644472,15,0,1,0,0
11.7656351021506,15,0,1,0,0
12.2284260259963,15,0,1,0,0
12.3609832059098,15,0,1,0,0
12.7811278715603,15,0,1,0,0
12.5238998458941,15,0,1,0,0
11.2949924324299,15,0,1,0,0
11.9021394380105,15,1,1,0,0
12.687175087474,15,1,1,0,0
12.207111242397,15,1,1,0,0
12.3995670722738,15,1,1,0,0
13.2063514481004,15,1,1,0,0
11.5681370686811,15,1,1,0,0
13.6062105102298,15,1,1,0,0
11.8351505073314,15,1,1,0,0
12.5479149822543,15,1,1,0,0
13.0434800231861,15,1,1,0,0
10.3557353526375,15,0,0,1,0
13.045782069785,15,0,0,1,0
11.8337355606005,15,0,0,1,0
11.3925043175689,15,0,0,1,0
11.1977517731919,15,0,0,1,0
11.2857266130493,15,0,0,1,0
13.5006231091796,15,0,0,1,0
11.8644201098624,15,0,0,1,0
12.5800652054397,15,0,0,1,0
13.1160432688085,15,0,0,1,0
10.7020702120102,15,1,0,1,0
12.4234332968684,15,1,0,1,0
11.2593374749697,15,1,0,1,0
13.1760150596091,15,1,0,1,0
13.2918374063064,15,1,0,1,0
11.1053332429894,15,1,0,1,0
11.8284255759922,15,1,0,1,0
13.6864203460005,15,1,0,1,0
11.4933568639536,15,1,0,1,0
11.8711737283476,15,1,0,1,0
11.0564200707055,15,0,1,1,0
12.2975426154377,15,0,1,1,0
12.2335087726312,15,0,1,1,0
12.2943619919107,15,0,1,1,0
12.2767810085648,15,0,1,1,0
9.79503778032104,15,0,1,1,0
12.4017282519706,15,0,1,1,0
10.6202124573322,15,0,1,1,0
13.479559152527,15,0,1,1,0
13.0963111400689,15,0,1,1,0
13.0719969073828,15,1,1,1,0
11.6633454498376,15,1,1,1,0
12.224269252813,15,1,1,1,0
12.0947924323175,15,1,1,1,0
12.1935221439413,15,1,1,1,0
11.9570714085512,15,1,1,1,0
11.4823041199565,15,1,1,1,0
11.1619219195498,15,1,1,1,0
12.5041165083728,15,1,1,1,0
13.5038682823646,15,1,1,1,0
13.5873040855314,15,0,0,0,1
11.3645878791325,15,0,0,0,1
12.9948604341013,15,0,0,0,1
10.2646448788288,15,0,0,0,1
11.8597037431445,15,0,0,0,1
11.61937920659,15,0,0,0,1
10.8595116278693,15,0,0,0,1
12.764287059746,15,0,0,0,1
12.4532087023961,15,0,0,0,1
11.3845948170423,15,0,0,0,1
11.8413804923028,15,1,0,0,1
11.6166414304359,15,1,0,0,1
11.9312196151424,15,1,0,0,1
11.828936676205,15,1,0,0,1
13.4422453282548,15,1,0,0,1
12.012956371572,15,1,0,0,1
11.7009130059006,15,1,0,0,1
11.4018320007572,15,1,0,0,1
11.2858493537114,15,1,0,0,1
11.7521181048874,15,1,0,0,1
11.8087409383037,15,0,1,0,1
10.7893632891484,15,0,1,0,1
12.3847288281318,15,0,1,0,1
10.7919278858095,15,0,1,0,1
11.0441722346682,15,0,1,0,1
11.9296648657646,15,0,1,0,1
13.1487493216321,15,0,1,0,1
8.57961554684279,15,0,1,0,1
12.0824036748376,15,0,1,0,1
12.0268035653973,15,0,1,0,1
12.8107022186091,15,1,1,0,1
12.8267195238079,15,1,1,0,1
12.7203089581524,15,1,1,0,1
10.562026918191,15,1,1,0,1
10.6705501294164,15,1,1,0,1
10.3761794769954,15,1,1,0,1
10.8015302888318,15,1,1,0,1
13.8650544213292,15,1,1,0,1
11.8267971243771,15,1,1,0,1
9.61463845517482,15,1,1,0,1
11.359552247306,16,0,0,0,0
10.4783111380289,16,0,0,0,0
11.2419085301894,16,0,0,0,0
12.7398241869297,16,0,0,0,0
11.5536632174229,16,0,0,0,0
11.2726731421916,16,0,0,0,0
13.287586115056,16,0,0,0,0
11.2229956120969,16,0,0,0,0
9.69853989687677,16,0,0,0,0
13.1946318547083,16,0,0,0,0
12.3459997586193,16,1,0,0,0
12.16558599004,16,1,0,0,0
11.0884114444299,16,1,0,0,0
12.3246071207989,16,1,0,0,0
12.4800820886795,16,1,0,0,0
11.8151616331028,16,1,0,0,0
12.747092165226,16,1,0,0,0
13.2025400118529,16,1,0,0,0
12.820860312842,16,1,0,0,0
11.2435065561264,16,1,0,0,0
12.3738587114999,16,0,1,0,0
12.2113838026881,16,0,1,0,0
11.5983519129922,16,0,1,0,0
13.6739252282918,16,0,1,0,0
12.0154890237744,16,0,1,0,0
13.2074127455743,16,0,1,0,0
10.1319446711568,16,0,1,0,0
10.4795305580143,16,0,1,0,0
12.9417242643997,16,0,1,0,0
11.716644616679,16,0,1,0,0
10.9330860540044,16,1,1,0,0
10.9803399075013,16,1,1,0,0
13.6787285391972,16,1,1,0,0
12.1808910830029,16,1,1,0,0
11.807720949736,16,1,1,0,0
11.9349905448027,16,1,1,0,0
10.6429852162541,16,1,1,0,0
12.7353904783085,16,1,1,0,0
13.1411938016403,16,1,1,0,0
11.9274365988335,16,1,1,0,0
10.0205785392476,16,0,0,1,0
12.745447443947,16,0,0,1,0
13.027247336665,16,0,0,1,0
11.9252314670259,16,0,0,1,0
11.0354794285357,16,0,0,1,0
12.5070657116192,16,0,0,1,0
10.848451571169,16,0,0,1,0
10.0654245581967,16,0,0,1,0
12.6189707969418,16,0,0,1,0
11.7487068631429,16,0,0,1,0
11.5999459897491,16,1,0,1,0
12.9404476017551,16,1,0,1,0
12.5120647297204,16,1,0,1,0
12.1486190260649,16,1,0,1,0
12.7934403766129,16,1,0,1,0
13.2247035579934,16,1,0,1,0
11.2472986297678,16,1,0,1,0
12.8090015736171,16,1,0,1,0
13.0994091911036,16,1,0,1,0
10.8088750896594,16,1,0,1,0
12.4749893734133,16,0,1,1,0
12.8255889513115,16,0,1,1,0
11.7384230047704,16,0,1,1,0
13.086621153595,16,0,1,1,0
11.7815462625464,16,0,1,1,0
11.7082190338279,16,0,1,1,0
12.4297530786789,16,0,1,1,0
13.351198069804,16,0,1,1,0
10.1248807639546,16,0,1,1,0
12.511722732897,16,0,1,1,0
11.2419059218042,16,1,1,1,0
10.6599477663222,16,1,1,1,0
10.8993015019791,16,1,1,1,0
13.5143716537371,16,1,1,1,0
13.0510741881674,16,1,1,1,0
12.660180911686,16,1,1,1,0
11.88846380058,16,1,1,1,0
11.6498882900126,16,1,1,1,0
13.312070946816,16,1,1,1,0
12.5701761194983,16,1,1,1,0
12.4999898043427,16,0,0,0,1
12.2275779662442,16,0,0,0,1
12.8496380192581,16,0,0,0,1
11.3217360296516,16,0,0,0,1
11.8817422917292,16,0,0,0,1
12.7034016631733,16,0,0,0,1
9.5893025033699,16,0,0,0,1
12.4964470357754,16,0,0,0,1
12.1495874230737,16,0,0,0,1
11.378935612559,16,0,0,0,1
11.9143817670299,16,1,0,0,1
13.028565322221,16,1,0,0,1
11.3681558190168,16,1,0,0,1
12.3406140081793,16,1,0,0,1
13.1262328185717,16,1,0,0,1
13.809268226489,16,1,0,0,1
12.3085871223536,16,1,0,0,1
13.4557878490147,16,1,0,0,1
10.1250220504947,16,1,0,0,1
11.921507539869,16,1,0,0,1
13.172145696367,16,0,1,0,1
10.893419894713,16,0,1,0,1
10.2987557237235,16,0,1,0,1
11.738056404673,16,0,1,0,1
12.4136188067055,16,0,1,0,1
11.0698694981849,16,0,1,0,1
11.6217497623789,16,0,1,0,1
11.2175882976745,16,0,1,0,1
10.9848019596929,16,0,1,0,1
12.5937844091785,16,0,1,0,1
10.1303654509316,16,1,1,0,1
13.62861269099,16,1,1,0,1
11.4167652972349,16,1,1,0,1
12.4637828075822,16,1,1,0,1
13.647286326479,16,1,1,0,1
10.5495230969657,16,1,1,0,1
12.4706432228309,16,1,1,0,1
13.68939151195,16,1,1,0,1
13.1125370374891,16,1,1,0,1
12.9892419558788,16,1,1,0,1
12.233971403355,17,0,0,0,0
11.0064801515186,17,0,0,0,0
12.3752935547086,17,0,0,0,0
11.875418863952,17,0,0,0,0
13.8792361675131,17,0,0,0,0
10.8656538516191,17,0,0,0,0
12.755434093861,17,0,0,0,0
13.2963534412932,17,0,0,0,0
10.6016257293175,17,0,0,0,0
12.6730619706173,17,0,0,0,0
11.7739424538058,17,1,0,0,0
10.9116010226102,17,1,0,0,0
12.8672368431731,17,1,0,0,0
10.3988090862415,17,1,0,0,0
12.4228992047128,17,1,0,0,0
11.2703012396065,17,1,0,0,0
12.2844121244251,17,1,0,0,0
12.015597562682,17,1,0,0,0
13.1540864270673,17,1,0,0,0
11.4935347009578,17,1,0,0,0
12.5651209105261,17,0,1,0,0
11.5117959464668,17,0,1,0,0
10.6998668360031,17,0,1,0,0
11.6348795353088,17,0,1,0,0
11.5073693217623,17,0,1,0,0
12.7881961748104,17,0,1,0,0
11.3676837569388,17,0,1,0,0
10.88633098618,17,0,1,0,0
11.5288561129309,17,0,1,0,0
11.9052249602919,17,0,1,0,0
12.2394327062347,17,1,1,0,0
11.1244995251107,17,1,1,0,0
12.6146516727989,17,1,1,0,0
11.2603918627213,17,1,1,0,0
11.7124253951868,17,1,1,0,0
12.3788319273203,17,1,1,0,0
12.2925137265128,17,1,1,0,0
10.766173532659,17,1,1,0,0
12.4910146684113,17,1,1,0,0
11.8079595155553,17,1,1,0,0
11.2733122209916,17,0,0,1,0
11.4195224168964,17,0,0,1,0
12.692535869959,17,0,0,1,0
12.1145554816748,17,0,0,1,0
12.4421276943562,17,0,0,1,0
12.3005790437815,17,0,0,1,0
12.5018413714368,17,0,0,1,0
11.9467505296376,17,0,0,1,0
11.455218789779,17,0,0,1,0
12.9144675708948,17,0,0,1,0
11.8781345637777,17,1,0,1,0
14.076625084915,17,1,0,1,0
11.1701905631022,17,1,0,1,0
11.5596814901559,17,1,0,1,0
12.6688514491412,17,1,0,1,0
12.4860505828711,17,1,0,1,0
11.7895919172546,17,1,0,1,0
12.8224057935211,17,1,0,1,0
11.5764773854479,17,1,0,1,0
12.4349903774824,17,1,0,1,0
12.069279561403,17,0,1,1,0
11.6711512857434,17,0,1,1,0
12.1651610496107,17,0,1,1,0
11.9212086816659,17,0,1,1,0
12.5183602508603,17,0,1,1,0
12.0968482721769,17,0,1,1,0
11.5985622508946,17,0,1,1,0
12.1657714726589,17,0,1,1,0
14.1558416937693,17,0,1,1,0
11.7744282667908,17,0,1,1,0
10.4351746899492,17,1,1,1,0
13.6733008577382,17,1,1,1,0
9.78130210935441,17,1,1,1,0
12.7134202463386,17,1,1,1,0
11.4764655877093,17,1,1,1,0
11.5723347998444,17,1,1,1,0
12.3742243060378,17,1,1,1,0
12.5796891107023,17,1,1,1,0
12.9917239090461,17,1,1,1,0
11.6326009988167,17,1,1,1,0
9.64036027308594,17,0,0,0,1
12.8062724171966,17,0,0,0,1
10.2119706147439,17,0,0,0,1
11.784570785623,17,0,0,0,1
10.4365447717925,17,0,0,0,1
14.3379628851602,17,0,0,0,1
12.0601472466484,17,0,0,0,1
12.3413628758699,17,0,0,0,1
10.9626816872513,17,0,0,0,1
10.9195050516859,17,0,0,0,1
12.4964399576127,17,1,0,0,1
11.4637454947414,17,1,0,0,1
12.1174126846972,17,1,0,0,1
12.2485378528938,17,1,0,0,1
11.9557514300456,17,1,0,0,1
11.9817376910388,17,1,0,0,1
12.9194927298841,17,1,0,0,1
13.2433483230314,17,1,0,0,1
11.1770567000281,17,1,0,0,1
11.3867386342309,17,1,0,0,1
12.4149323479768,17,0,1,0,1
12.9942778423702,17,0,1,0,1
11.4086665074951,17,0,1,0,1
11.9444611743106,17,0,1,0,1
10.4425880747407,17,0,1,0,1
12.8216652581914,17,0,1,0,1
12.3003470103648,17,0,1,0,1
12.3964952348552,17,0,1,0,1
13.469686214207,17,0,1,0,1
12.2385223561357,17,0,1,0,1
10.4979119265788,17,1,1,0,1
12.1727022127735,17,1,1,0,1
12.6021092278368,17,1,1,0,1
12.481481116396,17,1,1,0,1
11.9290006193457,17,1,1,0,1
12.6462923527696,17,1,1,0,1
12.8759598153618,17,1,1,0,1
11.1938512100056,17,1,1,0,1
14.1880435730143,17,1,1,0,1
12.1938502874049,17,1,1,0,1
12.1247975328081,18,0,0,0,0
11.6118960152515,18,0,0,0,0
11.6347512675899,18,0,0,0,0
11.3842466512269,18,0,0,0,0
11.6953338990864,18,0,0,0,0
12.2538041160211,18,0,0,0,0
11.1626727143022,18,0,0,0,0
10.4187216151695,18,0,0,0,0
11.8044382701628,18,0,0,0,0
12.5335304500551,18,0,0,0,0
11.3786827303831,18,1,0,0,0
12.1520968689774,18,1,0,0,0
10.8904159808947,18,1,0,0,0
13.0887890396064,18,1,0,0,0
10.5395219898045,18,1,0,0,0
10.1013081131047,18,1,0,0,0
10.2940383232917,18,1,0,0,0
11.4063517666066,18,1,0,0,0
10.8827027214036,18,1,0,0,0
13.3578667236823,18,1,0,0,0
13.3800432741841,18,0,1,0,0
11.2712212434928,18,0,1,0,0
11.5320066477053,18,0,1,0,0
12.8692897444678,18,0,1,0,0
11.886620713893,18,0,1,0,0
11.760520386853,18,0,1,0,0
13.2059235671187,18,0,1,0,0
12.0823433357264,18,0,1,0,0
14.4179990060921,18,0,1,0,0
12.3702643668105,18,0,1,0,0
12.9337630355292,18,1,1,0,0
10.3767827746235,18,1,1,0,0
12.0359711562017,18,1,1,0,0
10.8349150387302,18,1,1,0,0
12.5879129472539,18,1,1,0,0
13.7133940078868,18,1,1,0,0
12.5992194513134,18,1,1,0,0
13.0679530472458,18,1,1,0,0
14.506548265908,18,1,1,0,0
11.8129724375516,18,1,1,0,0
12.9520573658786,18,0,0,1,0
11.3386421166005,18,0,0,1,0
13.5985915678871,18,0,0,1,0
11.1125156385218,18,0,0,1,0
13.879056233544,18,0,0,1,0
12.4625839567303,18,0,0,1,0
11.1612801594639,18,0,0,1,0
10.768438087939,18,0,0,1,0
12.8733359606643,18,0,0,1,0
12.8679110445014,18,0,0,1,0
11.5708554099624,18,1,0,1,0
11.7250363433871,18,1,0,1,0
12.9407177673636,18,1,0,1,0
14.1693276490398,18,1,0,1,0
11.227642303266,18,1,0,1,0
11.879048615868,18,1,0,1,0
11.7925081516308,18,1,0,1,0
12.4092161193977,18,1,0,1,0
11.5620392684645,18,1,0,1,0
12.0928656363527,18,1,0,1,0
11.2694489844588,18,0,1,1,0
11.6176176836554,18,0,1,1,0
13.2605145604744,18,0,1,1,0
11.1126705721617,18,0,1,1,0
13.6149063967772,18,0,1,1,0
11.5879346840876,18,0,1,1,0
11.5898968322287,18,0,1,1,0
11.058094292614,18,0,1,1,0
13.1182541268817,18,0,1,1,0
11.8851508618445,18,0,1,1,0
11.2068920285764,18,1,1,1,0
11.5425947246355,18,1,1,1,0
12.4379697005333,18,1,1,1,0
12.1120917188652,18,1,1,1,0
12.0466077298373,18,1,1,1,0
11.5281970422185,18,1,1,1,0
10.8618629039629,18,1,1,1,0
12.8478857451257,18,1,1,1,0
13.7411462665651,18,1,1,1,0
13.1498717401988,18,1,1,1,0
11.3715529984944,18,0,0,0,1
12.3837354575462,18,0,0,0,1
11.8650249341385,18,0,0,0,1
13.6016929012377,18,0,0,0,1
12.2926164090415,18,0,0,0,1
12.2475487442559,18,0,0,0,1
12.4902700573415,18,0,0,0,1
10.7265483960338,18,0,0,0,1
12.4805588433073,18,0,0,0,1
11.8991731806608,18,0,0,0,1
10.2056048258123,18,1,0,0,1
12.0134978838622,18,1,0,0,1
10.3166510771504,18,1,0,0,1
12.8678738049217,18,1,0,0,1
11.6917467297392,18,1,0,0,1
11.5800236922886,18,1,0,0,1
13.2895497150399,18,1,0,0,1
11.2426032683416,18,1,0,0,1
11.4852551038166,18,1,0,0,1
11.1976901998492,18,1,0,0,1
11.0241736207207,18,0,1,0,1
12.7652857809955,18,0,1,0,1
10.9763025754344,18,0,1,0,1
11.8125232372963,18,0,1,0,1
10.3868155503269,18,0,1,0,1
12.8200172276704,18,0,1,0,1
14.1489858767161,18,0,1,0,1
12.2607267174405,18,0,1,0,1
13.4769922018653,18,0,1,0,1
15.2115477430204,18,0,1,0,1
13.0805922832416,18,1,1,0,1
10.6535427812728,18,1,1,0,1
11.5093514081371,18,1,1,0,1
12.5192820189112,18,1,1,0,1
10.9489485365719,18,1,1,0,1
10.9445035499178,18,1,1,0,1
11.8813274793078,18,1,1,0,1
10.8576933846184,18,1,1,0,1
12.0617937828786,18,1,1,0,1
12.5003939598369,18,1,1,0,1
11.5659174561756,19,0,0,0,0
10.9229893447578,19,0,0,0,0
11.6881888110166,19,0,0,0,0
10.3499409690461,19,0,0,0,0
13.3471063534926,19,0,0,0,0
12.0181227561892,19,0,0,0,0
11.6649021580867,19,0,0,0,0
11.2535178891426,19,0,0,0,0
11.8928420824023,19,0,0,0,0
12.5386997821627,19,0,0,0,0
14.7794290863855,19,1,0,0,0
13.8001622838492,19,1,0,0,0
8.70292173039464,19,1,0,0,0
11.5515856441551,19,1,0,0,0
11.1598500347055,19,1,0,0,0
11.0569188571026,19,1,0,0,0
11.5741707466778,19,1,0,0,0
11.6041726936781,19,1,0,0,0
10.7155293822275,19,1,0,0,0
11.9249090358386,19,1,0,0,0
12.061147144857,19,0,1,0,0
11.6171982506336,19,0,1,0,0
12.204688994968,19,0,1,0,0
12.0724479696031,19,0,1,0,0
11.4425078754144,19,0,1,0,0
10.7548961061521,19,0,1,0,0
11.1677654379726,19,0,1,0,0
12.4536273915493,19,0,1,0,0
12.1382219833692,19,0,1,0,0
11.5929253770965,19,0,1,0,0
13.5845575851348,19,1,1,0,0
11.5048545815093,19,1,1,0,0
11.4666740084711,19,1,1,0,0
12.4533396404371,19,1,1,0,0
11.4177528353289,19,1,1,0,0
12.1289494962528,19,1,1,0,0
12.0992581525165,19,1,1,0,0
10.2233577330728,19,1,1,0,0
11.6082085845454,19,1,1,0,0
12.2778514588578,19,1,1,0,0
10.6911456575048,19,0,0,1,0
13.681270055633,19,0,0,1,0
11.900770110475,19,0,0,1,0
13.8145952585829,19,0,0,1,0
12.2374366057315,19,0,0,1,0
11.7602348131532,19,0,0,1,0
11.5741779501785,19,0,0,1,0
11.9606348416584,19,0,0,1,0
11.7602177145844,19,0,0,1,0
13.5677088052601,19,0,0,1,0
12.7320081349663,19,1,0,1,0
13.3488780081536,19,1,0,1,0
11.5183494944423,19,1,0,1,0
13.3929441316577,19,1,0,1,0
12.4891433296226,19,1,0,1,0
11.2318640144897,19,1,0,1,0
10.708646078223,19,1,0,1,0
14.6322574573918,19,1,0,1,0
13.2337348906691,19,1,0,1,0
12.2023996870005,19,1,0,1,0
12.1203833535372,19,0,1,1,0
12.1885839498695,19,0,1,1,0
12.1751640859014,19,0,1,1,0
13.0294010159512,19,0,1,1,0
12.1756095457758,19,0,1,1,0
9.65347905617986,19,0,1,1,0
13.4608009902753,19,0,1,1,0
11.9642771491977,19,0,1,1,0
11.6669640637142,19,0,1,1,0
13.3352788936323,19,0,1,1,0
12.1044705220649,19,1,1,1,0
11.1683026945058,19,1,1,1,0
12.1454736401962,19,1,1,1,0
11.5872981539348,19,1,1,1,0
12.0320977302107,19,1,1,1,0
11.7633799934284,19,1,1,1,0
13.7279274568625,19,1,1,1,0
12.7980356524442,19,1,1,1,0
10.6052968181424,19,1,1,1,0
11.7669782632548,19,1,1,1,0
12.0686169457657,19,0,0,0,1
13.1990604475642,19,0,0,0,1
14.0649806737422,19,0,0,0,1
12.9442253850357,19,0,0,0,1
11.4470963456015,19,0,0,0,1
10.8575743140792,19,0,0,0,1
12.0044442708112,19,0,0,0,1
11.3893249661866,19,0,0,0,1
11.3889578751746,19,0,0,0,1
11.9137631654815,19,0,0,0,1
12.5960689600358,19,1,0,0,1
11.9412244388977,19,1,0,0,1
13.1646253356101,19,1,0,0,1
14.0379324005087,19,1,0,0,1
12.4380782559649,19,1,0,0,1
13.7739186885888,19,1,0,0,1
11.7444785812921,19,1,0,0,1
12.6587001206052,19,1,0,0,1
11.7872437119051,19,1,0,0,1
13.438795834975,19,1,0,0,1
12.7157149339768,19,0,1,0,1
12.7526052334654,19,0,1,0,1
12.347656543918,19,0,1,0,1
12.9969148057667,19,0,1,0,1
12.0056275390404,19,0,1,0,1
11.5567141388274,19,0,1,0,1
12.9270015064585,19,0,1,0,1
14.8106785012674,19,0,1,0,1
10.5107156448907,19,0,1,0,1
11.1900345040834,19,0,1,0,1
10.7064707235052,19,1,1,0,1
11.2555638320574,19,1,1,0,1
12.0773326078925,19,1,1,0,1
13.1903511840402,19,1,1,0,1
10.4710040806545,19,1,1,0,1
13.1726488790144,19,1,1,0,1
12.3761118560829,19,1,1,0,1
10.3529787419671,19,1,1,0,1
12.2826546682964,19,1,1,0,1
11.2248285394874,19,1,1,0,1
12.9912086250012,20,0,0,0,0
13.5641355379451,20,0,0,0,0
11.7166601380376,20,0,0,0,0
14.0003743683266,20,0,0,0,0
10.7832874354371,20,0,0,0,0
11.9534629012238,20,0,0,0,0
11.8497529776158,20,0,0,0,0
12.0548571739235,20,0,0,0,0
12.5256483503464,20,0,0,0,0
10.8307147968774,20,0,0,0,0
11.470906334314,20,1,0,0,0
11.9662528686185,20,1,0,0,0
12.5586778916628,20,1,0,0,0
12.1402511063823,20,1,0,0,0
12.6705961664982,20,1,0,0,0
11.0615046913844,20,1,0,0,0
11.2782664440552,20,1,0,0,0
11.9794778776802,20,1,0,0,0
11.8091468078934,20,1,0,0,0
11.6924941875895,20,1,0,0,0
11.9747682400688,20,0,1,0,0
11.8483627181759,20,0,1,0,0
10.634896851248,20,0,1,0,0
10.9209652722553,20,0,1,0,0
10.8360855110735,20,0,1,0,0
11.5508277289752,20,0,1,0,0
12.6792545284244,20,0,1,0,0
10.9779586852878,20,0,1,0,0
12.0641572036568,20,0,1,0,0
14.4618000525943,20,0,1,0,0
11.8652461390937,20,1,1,0,0
11.6345434211666,20,1,1,0,0
10.8286008787639,20,1,1,0,0
9.94483798463234,20,1,1,0,0
12.6964964154062,20,1,1,0,0
11.6767312653252,20,1,1,0,0
10.9443060967337,20,1,1,0,0
11.6956288784783,20,1,1,0,0
13.0606247567845,20,1,1,0,0
12.5687407234962,20,1,1,0,0
13.5275686564027,20,0,0,1,0
13.5386960359053,20,0,0,1,0
11.122894254307,20,0,0,1,0
10.4703725859025,20,0,0,1,0
12.0936253627127,20,0,0,1,0
11.6997793827454,20,0,0,1,0
12.2704234329026,20,0,0,1,0
12.0563366267064,20,0,0,1,0
11.025315848787,20,0,0,1,0
11.2846653743025,20,0,0,1,0
11.1862052901872,20,1,0,1,0
10.6213274411031,20,1,0,1,0
9.89576160156602,20,1,0,1,0
11.6583973658105,20,1,0,1,0
9.99316630421337,20,1,0,1,0
11.6334472888983,20,1,0,1,0
13.0645637599202,20,1,0,1,0
11.4828953747279,20,1,0,1,0
10.4817269734517,20,1,0,1,0
11.3446175835044,20,1,0,1,0
11.6641790889268,20,0,1,1,0
12.6215619513841,20,0,1,1,0
10.9094529803113,20,0,1,1,0
11.2393135010293,20,0,1,1,0
12.2838207305566,20,0,1,1,0
10.498651038878,20,0,1,1,0
11.6753639879169,20,0,1,1,0
10.9454880367848,20,0,1,1,0
11.5592816211352,20,0,1,1,0
12.3546764311767,20,0,1,1,0
12.6552340407016,20,1,1,1,0
12.6757239217928,20,1,1,1,0
12.6056018907135,20,1,1,1,0
13.6124807868511,20,1,1,1,0
12.3323518371954,20,1,1,1,0
12.9262639928218,20,1,1,1,0
11.5759619656617,20,1,1,1,0
11.4851533748769,20,1,1,1,0
12.0809207157986,20,1,1,1,0
11.6058940980875,20,1,1,1,0
11.2485967946661,20,0,0,0,1
11.5308889846475,20,0,0,0,1
11.0211426593115,20,0,0,0,1
11.7102354454485,20,0,0,0,1
11.3250039459062,20,0,0,0,1
11.2053958184644,20,0,0,0,1
10.5730122469297,20,0,0,0,1
10.7530782028695,20,0,0,0,1
10.8685265824604,20,0,0,0,1
11.5946120020647,20,0,0,0,1
11.1375368659236,20,1,0,0,1
11.9606577202747,20,1,0,0,1
10.6622930650285,20,1,0,0,1
12.6696035645536,20,1,0,0,1
13.1724049748786,20,1,0,0,1
13.0236636463113,20,1,0,0,1
11.52475254516,20,1,0,0,1
12.3708501824228,20,1,0,0,1
10.9697662202063,20,1,0,0,1
11.6043379824251,20,1,0,0,1
13.0801806249098,20,0,1,0,1
12.8406690091857,20,0,1,0,1
11.870239881367,20,0,1,0,1
12.7377757028137,20,0,1,0,1
13.4755027165912,20,0,1,0,1
12.1115203093898,20,0,1,0,1
13.6115079345027,20,0,1,0,1
13.8225472649725,20,0,1,0,1
12.1819025608222,20,0,1,0,1
13.3835063767735,20,0,1,0,1
12.4163860775917,20,1,1,0,1
10.8477402706323,20,1,1,0,1
11.196083004537,20,1,1,0,1
11.8458749087946,20,1,1,0,1
13.3391336873898,20,1,1,0,1
11.988778269078,20,1,1,0,1
11.7398712249172,20,1,1,0,1
10.8060821413463,20,1,1,0,1
11.4825477490845,20,1,1,0,1
11.9501887372778,20,1,1,0,1
12.237072097838,21,0,0,0,0
12.7687188953318,21,0,0,0,0
13.3956484011145,21,0,0,0,0
10.8988802534573,21,0,0,0,0
12.8000867676321,21,0,0,0,0
10.2702205532126,21,0,0,0,0
12.8972587395613,21,0,0,0,0
13.0433374040354,21,0,0,0,0
12.010274939371,21,0,0,0,0
13.4415586563355,21,0,0,0,0
12.8155723601043,21,1,0,0,0
12.8161755838722,21,1,0,0,0
12.9170631457566,21,1,0,0,0
11.0905900233018,21,1,0,0,0
11.2198508052577,21,1,0,0,0
11.9347385417119,21,1,0,0,0
10.7667225016745,21,1,0,0,0
12.7640272038412,21,1,0,0,0
12.2277558962989,21,1,0,0,0
10.9366163685813,21,1,0,0,0
12.0756345006601,21,0,1,0,0
10.2325542936462,21,0,1,0,0
10.5554266350645,21,0,1,0,0
11.8830539170911,21,0,1,0,0
11.2101007985101,21,0,1,0,0
11.6166053217822,21,0,1,0,0
13.483285252202,21,0,1,0,0
11.9376060455493,21,0,1,0,0
11.0298777926471,21,0,1,0,0
11.0303895363422,21,0,1,0,0
12.3778253395607,21,1,1,0,0
12.5278867027547,21,1,1,0,0
11.9387766506338,21,1,1,0,0
12.9044533467165,21,1,1,0,0
11.6179936972733,21,1,1,0,0
10.7307747518534,21,1,1,0,0
10.7796058966816,21,1,1,0,0
12.4944091756864,21,1,1,0,0
12.7731079952804,21,1,1,0,0
13.6885893747091,21,1,1,0,0
12.8365191662396,21,0,0,1,0
11.5824835097387,21,0,0,1,0
12.9756996167634,21,0,0,1,0
11.4908299615472,21,0,0,1,0
11.7019796988682,21,0,0,1,0
10.225740712989,21,0,0,1,0
12.9472146286921,21,0,0,1,0
9.81938697773312,21,0,0,1,0
11.1714298248417,21,0,0,1,0
10.6847441564082,21,0,0,1,0
13.0792438463726,21,1,0,1,0
10.8784281027074,21,1,0,1,0
12.8311124705627,21,1,0,1,0
12.2378879526008,21,1,0,1,0
11.7146335809286,21,1,0,1,0
13.8729238460458,21,1,0,1,0
11.0419538036842,21,1,0,1,0
12.1982180355546,21,1,0,1,0
12.5724115901652,21,1,0,1,0
11.5418108767965,21,1,0,1,0
12.9441690664188,21,0,1,1,0
11.7591148602345,21,0,1,1,0
13.8585970235833,21,0,1,1,0
11.1782291546581,21,0,1,1,0
12.0941612525837,21,0,1,1,0
11.8220431535291,21,0,1,1,0
11.7430728998883,21,0,1,1,0
11.870751158174,21,0,1,1,0
12.0566162551176,21,0,1,1,0
12.6166748329353,21,0,1,1,0
12.0201580233409,21,1,1,1,0
11.9511858129965,21,1,1,1,0
10.4761152356894,21,1,1,1,0
11.8703971872746,21,1,1,1,0
12.0691854007353,21,1,1,1,0
12.6747496539013,21,1,1,1,0
12.7538625504843,21,1,1,1,0
11.6077885135182,21,1,1,1,0
12.597620744468,21,1,1,1,0
10.2733771491211,21,1,1,1,0
11.2849600734359,21,0,0,0,1
10.8636236584764,21,0,0,0,1
10.4051282197415,21,0,0,0,1
12.7835154193179,21,0,0,0,1
12.0639044012103,21,0,0,0,1
11.593684183023,21,0,0,0,1
12.9425579150077,21,0,0,0,1
12.0240371836619,21,0,0,0,1
10.7352243712684,21,0,0,0,1
11.9226239540887,21,0,0,0,1
11.9935483870506,21,1,0,0,1
12.8914547006553,21,1,0,0,1
12.3043428481913,21,1,0,0,1
11.572266558187,21,1,0,0,1
12.1478183967027,21,1,0,0,1
13.6394414278766,21,1,0,0,1
9.35382357468612,21,1,0,0,1
10.7682522080471,21,1,0,0,1
13.273988777405,21,1,0,0,1
10.2858344808332,21,1,0,0,1
13.410867786621,21,0,1,0,1
12.4943185644698,21,0,1,0,1
11.2989504194802,21,0,1,0,1
12.1377983452548,21,0,1,0,1
11.2309549244116,21,0,1,0,1
11.8940339309311,21,0,1,0,1
13.5998333756548,21,0,1,0,1
10.8882775183511,21,0,1,0,1
13.18922093302,21,0,1,0,1
12.1640432858122,21,0,1,0,1
12.5979721501567,21,1,1,0,1
11.9654809685109,21,1,1,0,1
10.6654727800878,21,1,1,0,1
11.6468320634454,21,1,1,0,1
11.6150331830682,21,1,1,0,1
12.2985724777631,21,1,1,0,1
10.0238847252453,21,1,1,0,1
10.7921361923062,21,1,1,0,1
11.5392044129307,21,1,1,0,1
11.9697966856521,21,1,1,0,1
13.9206045636773,22,0,0,0,0
11.42969087317,22,0,0,0,0
11.7320302220812,22,0,0,0,0
11.4805589598029,22,0,0,0,0
12.5808414565083,22,0,0,0,0
12.9252763659895,22,0,0,0,0
10.5599523048751,22,0,0,0,0
11.6421052059999,22,0,0,0,0
13.2315038371489,22,0,0,0,0
12.6936150169221,22,0,0,0,0
10.4263346564515,22,1,0,0,0
11.8052747680921,22,1,0,0,0
13.4149345685906,22,1,0,0,0
13.3711287273033,22,1,0,0,0
11.6156448207683,22,1,0,0,0
12.2574151759975,22,1,0,0,0
11.2047168980031,22,1,0,0,0
13.3765352920296,22,1,0,0,0
9.55482613920433,22,1,0,0,0
11.3370848859158,22,1,0,0,0
11.1545883675868,22,0,1,0,0
12.8651109577914,22,0,1,0,0
12.1926413843139,22,0,1,0,0
12.4196342656431,22,0,1,0,0
11.9185091968914,22,0,1,0,0
12.380076974793,22,0,1,0,0
11.5413763196901,22,0,1,0,0
12.6711637841391,22,0,1,0,0
11.5015377265056,22,0,1,0,0
12.6458597100963,22,0,1,0,0
12.9296547057353,22,1,1,0,0
12.6169501892647,22,1,1,0,0
13.4527023288776,22,1,1,0,0
11.0591761124223,22,1,1,0,0
11.0499979024425,22,1,1,0,0
11.2085629512371,22,1,1,0,0
11.5993032357187,22,1,1,0,0
11.8611386883535,22,1,1,0,0
11.7510247099461,22,1,1,0,0
11.6749648626575,22,1,1,0,0
11.6348647382003,22,0,0,1,0
11.3579670620386,22,0,0,1,0
11.0317331249515,22,0,0,1,0
13.7223914000581,22,0,0,1,0
11.2880619003987,22,0,0,1,0
11.9265340612735,22,0,0,1,0
12.0161024133194,22,0,0,1,0
11.2457559710678,22,0,0,1,0
11.1774123293114,22,0,0,1,0
12.8321664399573,22,0,0,1,0
12.8063438304686,22,1,0,1,0
10.352235823078,22,1,0,1,0
13.8147962799434,22,1,0,1,0
12.3958016480118,22,1,0,1,0
12.3505019181462,22,1,0,1,0
11.3167739922691,22,1,0,1,0
14.540484681282,22,1,0,1,0
11.5140225584823,22,1,0,1,0
13.5861775463536,22,1,0,1,0
11.8007688657874,22,1,0,1,0
11.87882671589,22,0,1,1,0
11.9104756261243,22,0,1,1,0
14.3465606510913,22,0,1,1,0
13.4291084317188,22,0,1,1,0
9.86395096961213,22,0,1,1,0
12.1575902773962,22,0,1,1,0
11.7905616546869,22,0,1,1,0
10.2630073480477,22,0,1,1,0
11.7108243776109,22,0,1,1,0
11.8170633308527,22,0,1,1,0
12.8777739174622,22,1,1,1,0
11.7190420823504,22,1,1,1,0
13.4967381927353,22,1,1,1,0
12.8858737842927,22,1,1,1,0
11.1718095738471,22,1,1,1,0
12.3128026447701,22,1,1,1,0
12.3040524066149,22,1,1,1,0
12.0108821965879,22,1,1,1,0
10.9510830863954,22,1,1,1,0
11.6383014358764,22,1,1,1,0
12.5703873531169,22,0,0,0,1
14.0493867023058,22,0,0,0,1
11.3344590401462,22,0,0,0,1
10.0002043819752,22,0,0,0,1
12.3657246228684,22,0,0,0,1
11.7765577325125,22,0,0,0,1
12.9726441527066,22,0,0,0,1
12.7354964107427,22,0,0,0,1
13.0397690561932,22,0,0,0,1
10.5939527452662,22,0,0,0,1
12.8897455886247,22,1,0,0,1
12.3401288605559,22,1,0,0,1
12.980125371935,22,1,0,0,1
12.7045749626915,22,1,0,0,1
12.9854259847354,22,1,0,0,1
12.115936389983,22,1,0,0,1
11.4447254392806,22,1,0,0,1
11.4856826704869,22,1,0,0,1
12.3450317486857,22,1,0,0,1
13.2899418253708,22,1,0,0,1
12.8802414435965,22,0,1,0,1
11.5177610245796,22,0,1,0,1
11.7278985704636,22,0,1,0,1
11.1407830308161,22,0,1,0,1
10.4068050039982,22,0,1,0,1
11.4503794248009,22,0,1,0,1
13.0646254855422,22,0,1,0,1
13.8321894443864,22,0,1,0,1
11.6114637891508,22,0,1,0,1
12.1189189439534,22,0,1,0,1
11.1073478674567,22,1,1,0,1
11.1728010196992,22,1,1,0,1
12.3977108238431,22,1,1,0,1
12.5163171774367,22,1,1,0,1
12.2361842646676,22,1,1,0,1
12.7212155314348,22,1,1,0,1
12.801640801586,22,1,1,0,1
11.2726349986849,22,1,1,0,1
11.8108302043458,22,1,1,0,1
11.3254195294658,22,1,1,0,1
11.8922211574767,23,0,0,0,0
10.0603407887822,23,0,0,0,0
11.2371186027824,23,0,0,0,0
12.5506037806651,23,0,0,0,0
12.2096300739058,23,0,0,0,0
10.1045480376351,23,0,0,0,0
10.8997578855422,23,0,0,0,0
11.3952599235224,23,0,0,0,0
12.1325848558066,23,0,0,0,0
12.0388037280909,23,0,0,0,0
12.8936800065265,23,1,0,0,0
12.5661152554443,23,1,0,0,0
10.9316724209472,23,1,0,0,0
12.3847503810034,23,1,0,0,0
11.6284102469405,23,1,0,0,0
10.2307515922062,23,1,0,0,0
11.0234599311357,23,1,0,0,0
12.512204710405,23,1,0,0,0
13.8053453429655,23,1,0,0,0
12.3750963125885,23,1,0,0,0
10.8706246268621,23,0,1,0,0
10.6472171799475,23,0,1,0,0
13.0915950406481,23,0,1,0,0
12.3462474661922,23,0,1,0,0
11.8140101400593,23,0,1,0,0
12.1768325805301,23,0,1,0,0
12.0521685159899,23,0,1,0,0
12.1814359658443,23,0,1,0,0
12.796025346849,23,0,1,0,0
12.4540631361035,23,0,1,0,0
11.7427328464587,23,1,1,0,0
12.4330640844005,23,1,1,0,0
9.71415930779419,23,1,1,0,0
13.9989169772078,23,1,1,0,0
11.2414868374141,23,1,1,0,0
13.1887823385902,23,1,1,0,0
10.19640592891,23,1,1,0,0
13.2712294519484,23,1,1,0,0
12.5731041179142,23,1,1,0,0
12.773186433181,23,1,1,0,0
12.0114258801886,23,0,0,1,0
12.0906350835357,23,0,0,1,0
12.4280549407164,23,0,0,1,0
11.9096373596538,23,0,0,1,0
12.0903064944121,23,0,0,1,0
11.9101800802919,23,0,0,1,0
12.4915398122158,23,0,0,1,0
10.7706140087242,23,0,0,1,0
11.6773523805523,23,0,0,1,0
12.1053499538138,23,0,0,1,0
10.6503797346677,23,1,0,1,0
12.741758658466,23,1,0,1,0
12.8295278033242,23,1,0,1,0
13.4481132998614,23,1,0,1,0
11.7619222761098,23,1,0,1,0
10.9711986753657,23,1,0,1,0
11.6157101169518,23,1,0,1,0
12.5875276904199,23,1,0,1,0
12.7637270031515,23,1,0,1,0
12.333699049188,23,1,0,1,0
11.7132265576857,23,0,1,1,0
13.6747095190847,23,0,1,1,0
10.3104473943533,23,0,1,1,0
11.8320465702094,23,0,1,1,0
11.8509760174117,23,0,1,1,0
11.7902339469604,23,0,1,1,0
10.1951991741474,23,0,1,1,0
11.6846420712473,23,0,1,1,0
12.1410555006887,23,0,1,1,0
11.220835686863,23,0,1,1,0
11.5469356799876,23,1,1,1,0
13.1953883974925,23,1,1,1,0
10.464045002322,23,1,1,1,0
12.8116739005053,23,1,1,1,0
12.978591783559,23,1,1,1,0
13.8754614837039,23,1,1,1,0
11.6890121956007,23,1,1,1,0
12.1564056824258,23,1,1,1,0
10.500595805717,23,1,1,1,0
11.2910484765042,23,1,1,1,0
11.7103623691878,23,0,0,0,1
12.1393028157597,23,0,0,0,1
12.3915718399075,23,0,0,0,1
11.6737766829358,23,0,0,0,1
12.4045152343815,23,0,0,0,1
11.4816056067461,23,0,0,0,1
13.2774546936593,23,0,0,0,1
12.4743044867789,23,0,0,0,1
11.3987796576208,23,0,0,0,1
14.152010065805,23,0,0,0,1
13.4178493025236,23,1,0,0,1
12.8919019461248,23,1,0,0,1
12.3117737159384,23,1,0,0,1
12.2152980845426,23,1,0,0,1
12.2619803232793,23,1,0,0,1
12.4411684033423,23,1,0,0,1
12.0265898309598,23,1,0,0,1
10.7893277111757,23,1,0,0,1
12.1156392959664,23,1,0,0,1
12.8065194985915,23,1,0,0,1
10.8851835915566,23,0,1,0,1
12.0893997221965,23,0,1,0,1
13.4291637797833,23,0,1,0,1
12.0677267556213,23,0,1,0,1
11.0270944992066,23,0,1,0,1
10.2707500922061,23,0,1,0,1
12.8868196084278,23,0,1,0,1
12.8523186426457,23,0,1,0,1
10.5836409366713,23,0,1,0,1
10.9153010379681,23,0,1,0,1
12.0781882530486,23,1,1,0,1
11.9561000796791,23,1,1,0,1
12.2076821970975,23,1,1,0,1
11.184928553965,23,1,1,0,1
10.9274137119199,23,1,1,0,1
12.6064013988492,23,1,1,0,1
11.0506621498472,23,1,1,0,1
10.7584049261165,23,1,1,0,1
11.4976352864526,23,1,1,0,1
12.0492749008837,23,1,1,0,1
9.70300277225022,24,0,0,0,0
12.0448703941126,24,0,0,0,0
12.1354543324967,24,0,0,0,0
11.7588969869326,24,0,0,0,0
12.9080427993772,24,0,0,0,0
11.3548739089761,24,0,0,0,0
11.0855559150085,24,0,0,0,0
13.0602803128892,24,0,0,0,0
11.4374969889391,24,0,0,0,0
9.83349272906171,24,0,0,0,0
12.9629692428904,24,1,0,0,0
11.5811422172961,24,1,0,0,0
10.3767566382683,24,1,0,0,0
12.6727128209962,24,1,0,0,0
9.67805828641634,24,1,0,0,0
11.8037829022959,24,1,0,0,0
12.7215330209158,24,1,0,0,0
11.0984830502608,24,1,0,0,0
11.7302461510579,24,1,0,0,0
13.2808623473188,24,1,0,0,0
11.9870719232161,24,0,1,0,0
12.2127010628165,24,0,1,0,0
11.7737129633254,24,0,1,0,0
13.8691281823941,24,0,1,0,0
12.3020386480187,24,0,1,0,0
13.0785423547185,24,0,1,0,0
13.7209329415642,24,0,1,0,0
12.7460148449582,24,0,1,0,0
11.4811890268048,24,0,1,0,0
13.0307775681366,24,0,1,0,0
13.033521032134,24,1,1,0,0
12.7210760200168,24,1,1,0,0
11.3204674762833,24,1,1,0,0
10.6545431173353,24,1,1,0,0
10.5167409667928,24,1,1,0,0
13.5261794127204,24,1,1,0,0
13.6470478744504,24,1,1,0,0
11.9914496365707,24,1,1,0,0
12.1462403349589,24,1,1,0,0
11.1470334570093,24,1,1,0,0
12.2596151792404,24,0,0,1,0
11.4258892264199,24,0,0,1,0
10.8791393833283,24,0,0,1,0
10.6675508854131,24,0,0,1,0
11.2008159264523,24,0,0,1,0
13.3542610106303,24,0,0,1,0
10.8931551057084,24,0,0,1,0
11.1499556518272,24,0,0,1,0
13.1239680402137,24,0,0,1,0
11.7987208533625,24,0,0,1,0
11.7136730665063,24,1,0,1,0
11.7622492350935,24,1,0,1,0
14.3402887515128,24,1,0,1,0
11.8420477634646,24,1,0,1,0
13.4027782734661,24,1,0,1,0
10.0320923128427,24,1,0,1,0
12.9674991010619,24,1,0,1,0
10.7424239834065,24,1,0,1,0
11.8944036485366,24,1,0,1,0
10.5300168234945,24,1,0,1,0
11.1614532537725,24,0,1,1,0
10.8736641788817,24,0,1,1,0
13.7982044123349,24,0,1,1,0
12.9946961910856,24,0,1,1,0
13.1289605713172,24,0,1,1,0
13.1658843477851,24,0,1,1,0
12.1545651653585,24,0,1,1,0
11.1827646992206,24,0,1,1,0
11.5019852973147,24,0,1,1,0
12.9221907328279,24,0,1,1,0
11.4038659105414,24,1,1,1,0
12.7933150669615,24,1,1,1,0
12.1112458582427,24,1,1,1,0
12.2180661585585,24,1,1,1,0
12.7084742061475,24,1,1,1,0
13.0085286212401,24,1,1,1,0
12.3258731363171,24,1,1,1,0
11.1633797361297,24,1,1,1,0
12.3736548053215,24,1,1,1,0
13.4335059054184,24,1,1,1,0
12.2903294567289,24,0,0,0,1
11.7347604627022,24,0,0,0,1
12.0238736863298,24,0,0,0,1
11.5604827939914,24,0,0,0,1
12.361394063774,24,0,0,0,1
12.1711171107091,24,0,0,0,1
11.1216363599224,24,0,0,0,1
12.599136058128,24,0,0,0,1
11.2364628922053,24,0,0,0,1
11.4488669769095,24,0,0,0,1
11.0288350278971,24,1,0,0,1
12.029547767938,24,1,0,0,1
12.0192840803546,24,1,0,0,1
10.5252899657793,24,1,0,0,1
11.628287691322,24,1,0,0,1
11.7283330531328,24,1,0,0,1
11.4659619771315,24,1,0,0,1
11.1233114617986,24,1,0,0,1
11.0192720736116,24,1,0,0,1
12.6862560566938,24,1,0,0,1
12.9713360698028,24,0,1,0,1
12.173664584242,24,0,1,0,1
11.8612351216649,24,0,1,0,1
12.4868981728611,24,0,1,0,1
11.7179241650031,24,0,1,0,1
12.1384254274764,24,0,1,0,1
11.6962326983656,24,0,1,0,1
11.1247758482918,24,0,1,0,1
12.7772687265723,24,0,1,0,1
11.4107943798274,24,0,1,0,1
10.7911167294143,24,1,1,0,1
13.0059018320909,24,1,1,0,1
12.8848284163351,24,1,1,0,1
11.9030781122123,24,1,1,0,1
11.4474748108317,24,1,1,0,1
13.4311540442581,24,1,1,0,1
14.3271387077381,24,1,1,0,1
13.0302503410884,24,1,1,0,1
12.2471438911122,24,1,1,0,1
11.0002336061035,24,1,1,0,1
13.296512821106,25,0,0,0,0
13.2877008975721,25,0,0,0,0
12.822314860252,25,0,0,0,0
9.9371607501458,25,0,0,0,0
13.0376254119227,25,0,0,0,0
12.8542895308763,25,0,0,0,0
12.734593766217,25,0,0,0,0
12.4098672032353,25,0,0,0,0
13.085101191192,25,0,0,0,0
12.3133850964704,25,0,0,0,0
11.4746678966902,25,1,0,0,0
11.3528831362102,25,1,0,0,0
13.298991513418,25,1,0,0,0
13.004089558724,25,1,0,0,0
8.72208678674981,25,1,0,0,0
10.6976167330979,25,1,0,0,0
8.60768248916241,25,1,0,0,0
11.2419112607574,25,1,0,0,0
13.528031864159,25,1,0,0,0
13.3000335474428,25,1,0,0,0
11.6983214096952,25,0,1,0,0
11.7572755372527,25,0,1,0,0
12.890804810946,25,0,1,0,0
12.4548956433696,25,0,1,0,0
13.0185817714189,25,0,1,0,0
11.7709950855542,25,0,1,0,0
10.0931836998015,25,0,1,0,0
11.3540814427116,25,0,1,0,0
11.2574845719945,25,0,1,0,0
11.4782683626465,25,0,1,0,0
11.3753556167874,25,1,1,0,0
15.1783026106264,25,1,1,0,0
11.9989321482079,25,1,1,0,0
11.2257385856218,25,1,1,0,0
11.9435369747514,25,1,1,0,0
13.5290666018752,25,1,1,0,0
12.4227376417763,25,1,1,0,0
11.4548156560136,25,1,1,0,0
11.8556413045203,25,1,1,0,0
12.5897875504947,25,1,1,0,0
12.5718339980032,25,0,0,1,0
12.3492384272324,25,0,0,1,0
11.3466240772373,25,0,0,1,0
12.2150631968581,25,0,0,1,0
11.4887722534954,25,0,0,1,0
11.9888721890616,25,0,0,1,0
12.1978997257082,25,0,0,1,0
11.6148319457759,25,0,0,1,0
10.5909222568501,25,0,0,1,0
12.1512000054342,25,0,0,1,0
11.3239271372149,25,1,0,1,0
12.0393745492878,25,1,0,1,0
12.3725526523827,25,1,0,1,0
10.8493516321137,25,1,0,1,0
13.0766279914541,25,1,0,1,0
12.2411929399373,25,1,0,1,0
12.8291274977735,25,1,0,1,0
12.6860773105128,25,1,0,1,0
10.9063484073562,25,1,0,1,0
12.1659326779181,25,1,0,1,0
12.5551954920858,25,0,1,1,0
13.8220852834771,25,0,1,1,0
13.0063556419281,25,0,1,1,0
11.733252099026,25,0,1,1,0
13.7669393803289,25,0,1,1,0
13.2264613265876,25,0,1,1,0
11.0736079779788,25,0,1,1,0
13.4358612323519,25,0,1,1,0
12.1318519357015,25,0,1,1,0
10.7766171873818,25,0,1,1,0
12.557753890646,25,1,1,1,0
13.2309958244098,25,1,1,1,0
13.4893058718582,25,1,1,1,0
12.4356447696949,25,1,1,1,0
12.8871471686724,25,1,1,1,0
12.7951825289161,25,1,1,1,0
13.0289889984716,25,1,1,1,0
9.95789027956613,25,1,1,1,0
12.4562775693881,25,1,1,1,0
13.0075821024474,25,1,1,1,0
10.118677679475,25,0,0,0,1
12.6600002411794,25,0,0,0,1
12.8945936060497,25,0,0,0,1
12.0699584121476,25,0,0,0,1
12.1005878669774,25,0,0,0,1
12.0264159259179,25,0,0,0,1
11.4293376665516,25,0,0,0,1
9.39396480036766,25,0,0,0,1
11.3551823153013,25,0,0,0,1
11.4200240042657,25,0,0,0,1
12.4402389384879,25,1,0,0,1
13.5810842913327,25,1,0,0,1
10.9037221109248,25,1,0,0,1
12.6217854282439,25,1,0,0,1
15.01937611212,25,1,0,0,1
12.1204561425615,25,1,0,0,1
11.2285486901171,25,1,0,0,1
11.8301059934316,25,1,0,0,1
12.0317065538208,25,1,0,0,1
11.4747186022596,25,1,0,0,1
9.96664297280492,25,0,1,0,1
11.3882262208012,25,0,1,0,1
11.569693861677,25,0,1,0,1
10.1708984184884,25,0,1,0,1
10.0993143187308,25,0,1,0,1
10.8744450949082,25,0,1,0,1
12.4181471127216,25,0,1,0,1
11.1620566663266,25,0,1,0,1
11.3469674483031,25,0,1,0,1
11.3110248772159,25,0,1,0,1
12.5055605758092,25,1,1,0,1
11.0794080523661,25,1,1,0,1
11.1705106895092,25,1,1,0,1
10.3752186331748,25,1,1,0,1
11.8314586037816,25,1,1,0,1
11.6390544559654,25,1,1,0,1
11.944137922027,25,1,1,0,1
9.72719686374054,25,1,1,0,1
12.6924147866423,25,1,1,0,1
11.7911154140237,25,1,1,0,1
12.1278951249309,26,0,0,0,0
12.1180110662311,26,0,0,0,0
11.0253320444959,26,0,0,0,0
12.543381104521,26,0,0,0,0
14.5897685535016,26,0,0,0,0
11.9302014623263,26,0,0,0,0
13.4916243599946,26,0,0,0,0
11.959110787624,26,0,0,0,0
11.8611266143478,26,0,0,0,0
12.4103753911828,26,0,0,0,0
12.7440761233236,26,1,0,0,0
12.6733042059446,26,1,0,0,0
9.88381599210016,26,1,0,0,0
11.7159889514618,26,1,0,0,0
13.3112755480474,26,1,0,0,0
12.417658362057,26,1,0,0,0
12.1314242008116,26,1,0,0,0
12.6912078446782,26,1,0,0,0
12.7341962153342,26,1,0,0,0
12.1210405270527,26,1,0,0,0
13.2187223687089,26,0,1,0,0
11.3645556634972,26,0,1,0,0
12.7198776218683,26,0,1,0,0
12.2599828841195,26,0,1,0,0
12.7061139699194,26,0,1,0,0
11.7997267508496,26,0,1,0,0
12.2158078659214,26,0,1,0,0
10.79351706681,26,0,1,0,0
10.7865791546594,26,0,1,0,0
10.3859405108359,26,0,1,0,0
10.5529123945401,26,1,1,0,0
10.84688643943,26,1,1,0,0
13.0273748182687,26,1,1,0,0
11.3392017605005,26,1,1,0,0
13.339886064377,26,1,1,0,0
12.1223797030481,26,1,1,0,0
11.6080837013638,26,1,1,0,0
11.8093948326792,26,1,1,0,0
11.0623216438019,26,1,1,0,0
12.0312568422491,26,1,1,0,0
11.5848545492661,26,0,0,1,0
12.9405934039074,26,0,0,1,0
12.2905120575089,26,0,0,1,0
11.4704048215575,26,0,0,1,0
9.78950021389988,26,0,0,1,0
10.527292327164,26,0,0,1,0
12.0458485600904,26,0,0,1,0
11.6889908625793,26,0,0,1,0
10.8506106640603,26,0,0,1,0
12.6754604802476,26,0,0,1,0
11.4909443454727,26,1,0,1,0
12.3759785168629,26,1,0,1,0
12.1334173375758,26,1,0,1,0
12.9832576677396,26,1,0,1,0
11.6787232191444,26,1,0,1,0
13.6039248255435,26,1,0,1,0
10.8561473788123,26,1,0,1,0
13.6335457106775,26,1,0,1,0
12.0678890782287,26,1,0,1,0
12.8633371213244,26,1,0,1,0
12.0795635701919,26,0,1,1,0
11.3883248968992,26,0,1,1,0
11.4339648602849,26,0,1,1,0
11.4301297373227,26,0,1,1,0
13.1550910098036,26,0,1,1,0
13.0484766847679,26,0,1,1,0
11.5948432516596,26,0,1,1,0
11.7719732952493,26,0,1,1,0
12.6620115847716,26,0,1,1,0
11.2085144867494,26,0,1,1,0
13.2123039781257,26,1,1,1,0
12.5742342893023,26,1,1,1,0
13.129209139628,26,1,1,1,0
13.160403545509,26,1,1,1,0
11.5715064795322,26,1,1,1,0
11.6335591594813,26,1,1,1,0
11.421630744338,26,1,1,1,0
10.3267856394777,26,1,1,1,0
11.7909030709802,26,1,1,1,0
12.8982633664433,26,1,1,1,0
11.6292274004314,26,0,0,0,1
12.659168615412,26,0,0,0,1
12.3577975673036,26,0,0,0,1
11.9426760921951,26,0,0,0,1
10.4225155006509,26,0,0,0,1
13.4184482679209,26,0,0,0,1
12.9050728981172,26,0,0,0,1
13.8957254913761,26,0,0,0,1
11.4604853410056,26,0,0,0,1
12.7734490417368,26,0,0,0,1
12.9402989049739,26,1,0,0,1
12.253955687444,26,1,0,0,1
10.4452857943459,26,1,0,0,1
12.7840131322119,26,1,0,0,1
12.1430236143533,26,1,0,0,1
12.4709424640091,26,1,0,0,1
11.2854774910859,26,1,0,0,1
12.9267474795721,26,1,0,0,1
12.3122770403684,26,1,0,0,1
10.7094987572498,26,1,0,0,1
12.511491481633,26,0,1,0,1
12.5601977613887,26,0,1,0,1
12.2396056787692,26,0,1,0,1
13.4502615567265,26,0,1,0,1
11.5022548707295,26,0,1,0,1
11.8723675625644,26,0,1,0,1
11.5794774063274,26,0,1,0,1
11.7091575144179,26,0,1,0,1
10.2429395901478,26,0,1,0,1
12.44755814234,26,0,1,0,1
13.3267245415648,26,1,1,0,1
11.9612204839659,26,1,1,0,1
12.7906491690955,26,1,1,0,1
13.6410303876625,26,1,1,0,1
11.0443709050802,26,1,1,0,1
12.3921878124306,26,1,1,0,1
12.285430636304,26,1,1,0,1
11.4473157041512,26,1,1,0,1
10.2679144518856,26,1,1,0,1
10.5659040041945,26,1,1,0,1
11.9378405041223,27,0,0,0,0
11.9394418488309,27,0,0,0,0
13.2300453973028,27,0,0,0,0
10.9536881993302,27,0,0,0,0
11.6641812048062,27,0,0,0,0
12.7198526916959,27,0,0,0,0
12.6466277501974,27,0,0,0,0
11.1844677550768,27,0,0,0,0
11.3184600831696,27,0,0,0,0
11.1326414021158,27,0,0,0,0
11.9323951599021,27,1,0,0,0
14.3865878153792,27,1,0,0,0
11.6530469073348,27,1,0,0,0
11.7400238027023,27,1,0,0,0
11.9276684035414,27,1,0,0,0
10.3174766305224,27,1,0,0,0
11.4793256678207,27,1,0,0,0
12.2752311821878,27,1,0,0,0
11.7356755755439,27,1,0,0,0
12.9492521667468,27,1,0,0,0
10.1793559468503,27,0,1,0,0
13.3120497138598,27,0,1,0,0
10.803881629744,27,0,1,0,0
11.7001511544319,27,0,1,0,0
13.6358822271613,27,0,1,0,0
10.9818903733817,27,0,1,0,0
12.4662119243953,27,0,1,0,0
10.7987117332784,27,0,1,0,0
11.2271534642035,27,0,1,0,0
12.6453340113555,27,0,1,0,0
10.5665403788152,27,1,1,0,0
10.0271654859024,27,1,1,0,0
11.674304511593,27,1,1,0,0
10.3608163969496,27,1,1,0,0
9.355555274886,27,1,1,0,0
14.1754801452132,27,1,1,0,0
10.758365350846,27,1,1,0,0
11.4338414322697,27,1,1,0,0
11.7262085515348,27,1,1,0,0
11.2794417579584,27,1,1,0,0
12.5913984024764,27,0,0,1,0
14.5817579854897,27,0,0,1,0
9.98870595814472,27,0,0,1,0
11.5724524366591,27,0,0,1,0
12.0042661001733,27,0,0,1,0
14.445542486127,27,0,0,1,0
11.5893143418427,27,0,0,1,0
12.2669092465653,27,0,0,1,0
11.3482057022257,27,0,0,1,0
11.2872725680763,27,0,0,1,0
13.6001678067371,27,1,0,1,0
11.6550688578464,27,1,0,1,0
11.0385649126325,27,1,0,1,0
13.0170059567262,27,1,0,1,0
12.1716157145274,27,1,0,1,0
10.9976921705609,27,1,0,1,0
9.37731010230518,27,1,0,1,0
11.6847877868398,27,1,0,1,0
10.843091471389,27,1,0,1,0
9.82069430172525,27,1,0,1,0
11.7749118043894,27,0,1,1,0
11.820649699716,27,0,1,1,0
14.5755802040849,27,0,1,1,0
10.8228435475877,27,0,1,1,0
11.0798537925279,27,0,1,1,0
11.6806115108917,27,0,1,1,0
13.5984415458542,27,0,1,1,0
12.5177472225269,27,0,1,1,0
11.7060377384768,27,0,1,1,0
11.7654830892521,27,0,1,1,0
10.5144740933416,27,1,1,1,0
12.7304519126528,27,1,1,1,0
11.4784026143314,27,1,1,1,0
11.1797906971131,27,1,1,1,0
12.5333956979987,27,1,1,1,0
10.8251892600248,27,1,1,1,0
12.1088474395711,27,1,1,1,0
11.3296392978022,27,1,1,1,0
11.7215027941379,27,1,1,1,0
12.4541514340559,27,1,1,1,0
12.7868181507587,27,0,0,0,1
11.1905029129557,27,0,0,0,1
11.8938239456628,27,0,0,0,1
12.1877469759368,27,0,0,0,1
13.3577077030746,27,0,0,0,1
13.5686324210799,27,0,0,0,1
10.9261403926815,27,0,0,0,1
10.6103498687926,27,0,0,0,1
12.6070208721077,27,0,0,0,1
11.45939024549,27,0,0,0,1
12.4661668418767,27,1,0,0,1
10.2101186175302,27,1,0,0,1
11.3313033847758,27,1,0,0,1
9.41145705016611,27,1,0,0,1
9.99710858825159,27,1,0,0,1
12.1402657673028,27,1,0,0,1
11.6368251175191,27,1,0,0,1
11.6384595750969,27,1,0,0,1
11.488446230563,27,1,0,0,1
10.2844849929593,27,1,0,0,1
12.9527662223983,27,0,1,0,1
11.5931424059428,27,0,1,0,1
10.9447473905289,27,0,1,0,1
13.2339116279833,27,0,1,0,1
13.0508243575853,27,0,1,0,1
11.5908681307926,27,0,1,0,1
12.4886691789847,27,0,1,0,1
11.9482314735491,27,0,1,0,1
11.6653889612905,27,0,1,0,1
10.9446968275423,27,0,1,0,1
11.9025604132924,27,1,1,0,1
11.6184447741953,27,1,1,0,1
10.7256036416825,27,1,1,0,1
11.0288752295978,27,1,1,0,1
13.4558007114829,27,1,1,0,1
12.2426218261917,27,1,1,0,1
13.7520506868391,27,1,1,0,1
10.8148175407136,27,1,1,0,1
11.984004823742,27,1,1,0,1
11.4463228836392,27,1,1,0,1
12.9043494262493,28,0,0,0,0
11.9532188127727,28,0,0,0,0
11.0527960147358,28,0,0,0,0
12.870004968627,28,0,0,0,0
11.2636873586845,28,0,0,0,0
12.7442195169387,28,0,0,0,0
11.8706798039244,28,0,0,0,0
9.4648547630784,28,0,0,0,0
14.3152820263831,28,0,0,0,0
12.236627493782,28,0,0,0,0
13.709417231805,28,1,0,0,0
11.8900068076708,28,1,0,0,0
11.5641511021266,28,1,0,0,0
11.0776689673806,28,1,0,0,0
11.4435143529602,28,1,0,0,0
10.1462675750197,28,1,0,0,0
12.4326574764371,28,1,0,0,0
11.2991501458223,28,1,0,0,0
11.7294869322215,28,1,0,0,0
10.2088879317124,28,1,0,0,0
11.5691430768563,28,0,1,0,0
9.09788080570114,28,0,1,0,0
11.6365983534782,28,0,1,0,0
12.4173788419496,28,0,1,0,0
10.3520436764502,28,0,1,0,0
11.3751853677106,28,0,1,0,0
12.1752278940543,28,0,1,0,0
12.6406599845388,28,0,1,0,0
8.95187851244454,28,0,1,0,0
12.1369243316069,28,0,1,0,0
12.4360349405598,28,1,1,0,0
11.7975963435974,28,1,1,0,0
10.3968745903589,28,1,1,0,0
12.2745726862818,28,1,1,0,0
11.3128139214951,28,1,1,0,0
11.9578238346997,28,1,1,0,0
12.3348600220299,28,1,1,0,0
12.341768655056,28,1,1,0,0
12.2039391677978,28,1,1,0,0
11.7656711508135,28,1,1,0,0
11.6507992229517,28,0,0,1,0
11.46728255639,28,0,0,1,0
10.34374857035,28,0,0,1,0
13.6003707068913,28,0,0,1,0
9.92596772967414,28,0,0,1,0
10.6892153879787,28,0,0,1,0
11.6249512825755,28,0,0,1,0
11.8712232105847,28,0,0,1,0
12.4529348943776,28,0,0,1,0
11.1142056630136,28,0,0,1,0
12.0492209823737,28,1,0,1,0
12.7358791514428,28,1,0,1,0
12.5431115152624,28,1,0,1,0
12.5562063557463,28,1,0,1,0
12.8722602451741,28,1,0,1,0
12.8735272693611,28,1,0,1,0
11.6807538501399,28,1,0,1,0
11.184895909278,28,1,0,1,0
11.6221000573513,28,1,0,1,0
12.6909387791515,28,1,0,1,0
10.3420196542406,28,0,1,1,0
10.5133447041237,28,0,1,1,0
11.4948542177593,28,0,1,1,0
11.3598208500294,28,0,1,1,0
10.619382528645,28,0,1,1,0
11.2830217762042,28,0,1,1,0
10.4754410413866,28,0,1,1,0
11.252800246925,28,0,1,1,0
12.4823106440155,28,0,1,1,0
11.1065730999318,28,0,1,1,0
13.9469272764482,28,1,1,1,0
12.4840249930752,28,1,1,1,0
12.5895287994185,28,1,1,1,0
12.3924139865621,28,1,1,1,0
12.0062147245539,28,1,1,1,0
9.87418793538555,28,1,1,1,0
12.7866759003604,28,1,1,1,0
12.1988179428166,28,1,1,1,0
12.7545730381202,28,1,1,1,0
14.7302194846115,28,1,1,1,0
12.8236117808171,28,0,0,0,1
12.4490368804897,28,0,0,0,1
12.2987426799683,28,0,0,0,1
12.4927509383959,28,0,0,0,1
12.0614249884132,28,0,0,0,1
11.5088945945835,28,0,0,0,1
9.71180160201147,28,0,0,0,1
11.6162075320286,28,0,0,0,1
11.5012443704106,28,0,0,0,1
11.5324684148995,28,0,0,0,1
11.5192868024499,28,1,0,0,1
10.5007587285951,28,1,0,0,1
11.4264852460956,28,1,0,0,1
11.5909650216796,28,1,0,0,1
11.4778002346787,28,1,0,0,1
12.4747858784762,28,1,0,0,1
11.3400069426182,28,1,0,0,1
11.8536338273649,28,1,0,0,1
12.1629295986829,28,1,0,0,1
13.0384551462999,28,1,0,0,1
11.8056907200567,28,0,1,0,1
11.4405467705418,28,0,1,0,1
12.7508249130319,28,0,1,0,1
12.8549941428586,28,0,1,0,1
11.5926992152093,28,0,1,0,1
11.3003107827314,28,0,1,0,1
13.5752347052934,28,0,1,0,1
13.8385951735675,28,0,1,0,1
11.6652784518297,28,0,1,0,1
11.7201332723,28,0,1,0,1
13.6242670778193,28,1,1,0,1
12.6531924400723,28,1,1,0,1
11.2106081381959,28,1,1,0,1
11.2118382000003,28,1,1,0,1
12.2626227688498,28,1,1,0,1
12.6705606532305,28,1,1,0,1
12.611418326577,28,1,1,0,1
10.5385225825998,28,1,1,0,1
13.7595395421016,28,1,1,0,1
12.1318115168164,28,1,1,0,1
