"risk","sp","site","warm","photo","chill1","chill2"
15.9379802214959,1,0,0,0,0,0
15.9779245702142,1,0,0,0,0,0
15.9913910868639,1,0,0,0,0,0
15.941582732064,1,0,0,0,0,0
16.0904400942637,1,0,0,0,0,0
16.0101508774238,1,0,0,0,0,0
17.6327040897282,1,1,0,0,0,0
17.4844499876719,1,1,0,0,0,0
17.6580848309407,1,1,0,0,0,0
17.5562552139568,1,1,0,0,0,0
17.6635410951329,1,1,0,0,0,0
17.6813969042706,1,1,0,0,0,0
6.52413991868328,1,0,1,0,0,0
6.53014040358684,1,0,1,0,0,0
6.71064639236747,1,0,1,0,0,0
6.48287262889615,1,0,1,0,0,0
6.69538779885158,1,0,1,0,0,0
6.50425782224295,1,0,1,0,0,0
8.76747705724073,1,1,1,0,0,0
8.65268461904202,1,1,1,0,0,0
8.78374380978496,1,1,1,0,0,0
8.96120739580113,1,1,1,0,0,0
8.78959805848034,1,1,1,0,0,0
8.65568235615702,1,1,1,0,0,0
8.40313824151684,1,0,0,1,0,0
8.38732440774316,1,0,0,1,0,0
8.32149395434292,1,0,0,1,0,0
8.36177408792143,1,0,0,1,0,0
8.20786933326673,1,0,0,1,0,0
8.19876270088944,1,0,0,1,0,0
9.45332339095706,1,1,0,1,0,0
9.23253401559395,1,1,0,1,0,0
9.17007163047544,1,1,0,1,0,0
9.32378134381092,1,1,0,1,0,0
9.17977147736493,1,1,0,1,0,0
9.26240418088059,1,1,0,1,0,0
5.70317773482026,1,0,1,1,0,0
5.59256594689625,1,0,1,1,0,0
5.71969274585083,1,0,1,1,0,0
5.58728544872551,1,0,1,1,0,0
5.68646145810735,1,0,1,1,0,0
5.69989177082948,1,0,1,1,0,0
7.14125518530989,1,1,1,1,0,0
7.09197309569613,1,1,1,1,0,0
7.15852829764434,1,1,1,1,0,0
7.06301746376883,1,1,1,1,0,0
7.19792623922521,1,1,1,1,0,0
7.19486374252764,1,1,1,1,0,0
11.4160026665896,1,0,0,0,1,0
11.5769437882998,1,0,0,0,1,0
11.7538485846968,1,0,0,0,1,0
11.2993093716771,1,0,0,0,1,0
11.7109678238128,1,0,0,0,1,0
11.3570475347493,1,0,0,0,1,0
12.4534090340901,1,1,0,0,1,0
12.6492465773824,1,1,0,0,1,0
12.5921845050148,1,1,0,0,1,0
12.4378799822068,1,1,0,0,1,0
12.5274149124468,1,1,0,0,1,0
12.6996596166745,1,1,0,0,1,0
6.43064546020233,1,0,1,0,1,0
5.99609718278854,1,0,1,0,1,0
6.15966494115383,1,0,1,0,1,0
6.22355387489545,1,0,1,0,1,0
6.12760999737692,1,0,1,0,1,0
6.32946078399309,1,0,1,0,1,0
7.91739813028008,1,1,1,0,1,0
7.89281269856466,1,1,1,0,1,0
7.62094991752683,1,1,1,0,1,0
7.83161624146277,1,1,1,0,1,0
7.68405699600812,1,1,1,0,1,0
7.76872772390745,1,1,1,0,1,0
6.57014082004593,1,0,0,1,1,0
6.63699727161068,1,0,0,1,1,0
6.83580940670958,1,0,0,1,1,0
6.71695042132891,1,0,0,1,1,0
6.73245296511671,1,0,0,1,1,0
6.76317525074015,1,0,0,1,1,0
7.01088665626822,1,1,0,1,1,0
7.14399236520922,1,1,0,1,1,0
7.11196493790685,1,1,0,1,1,0
7.14388867216139,1,1,0,1,1,0
6.92468238376333,1,1,0,1,1,0
7.04520655971971,1,1,0,1,1,0
8.233848874624,1,0,1,1,1,0
8.17275502209206,1,0,1,1,1,0
8.14829504957159,1,0,1,1,1,0
8.04800685965649,1,0,1,1,1,0
8.31693797588793,1,0,1,1,1,0
8.13218020326546,1,0,1,1,1,0
9.09900690568743,1,1,1,1,1,0
9.02866550949222,1,1,1,1,1,0
9.046956126432,1,1,1,1,1,0
9.02722593469697,1,1,1,1,1,0
9.15838781425191,1,1,1,1,1,0
8.96381058356677,1,1,1,1,1,0
12.2979739987618,1,0,0,0,0,1
12.332162015261,1,0,0,0,0,1
12.2015072932082,1,0,0,0,0,1
12.5171708679787,1,0,0,0,0,1
12.3119093228553,1,0,0,0,0,1
12.5532260139436,1,0,0,0,0,1
14.9553433697147,1,1,0,0,0,1
15.1711759966979,1,1,0,0,0,1
15.3665197911856,1,1,0,0,0,1
15.0377362566387,1,1,0,0,0,1
15.0719021515201,1,1,0,0,0,1
15.1622585484996,1,1,0,0,0,1
5.90093210797825,1,0,1,0,0,1
5.84764568233812,1,0,1,0,0,1
5.94597338371714,1,0,1,0,0,1
5.70349467920821,1,0,1,0,0,1
5.88860422838932,1,0,1,0,0,1
5.70931583399902,1,0,1,0,0,1
9.08154379405801,1,1,1,0,0,1
8.98899674141564,1,1,1,0,0,1
8.82147423096196,1,1,1,0,0,1
9.02587415774723,1,1,1,0,0,1
9.02792095879554,1,1,1,0,0,1
8.97121647831653,1,1,1,0,0,1
6.2941728231788,1,0,0,1,0,1
6.26435342728256,1,0,0,1,0,1
6.24458967042669,1,0,0,1,0,1
6.31185239752059,1,0,0,1,0,1
6.38772061915187,1,0,0,1,0,1
6.17903981119133,1,0,0,1,0,1
8.16262001899128,1,1,0,1,0,1
8.25288663729528,1,1,0,1,0,1
8.27280350033707,1,1,0,1,0,1
8.30013722765318,1,1,0,1,0,1
8.37506482063026,1,1,0,1,0,1
8.33854416000477,1,1,0,1,0,1
6.58932201252865,1,0,1,1,0,1
6.74224115148824,1,0,1,1,0,1
6.4095098615217,1,0,1,1,0,1
6.62224084667663,1,0,1,1,0,1
6.45168027839705,1,0,1,1,0,1
6.61580456363211,1,0,1,1,0,1
9.22102853502522,1,1,1,1,0,1
8.94514122956148,1,1,1,1,0,1
9.13646404086339,1,1,1,1,0,1
8.9659812173876,1,1,1,1,0,1
9.08878352808788,1,1,1,1,0,1
8.98197414495198,1,1,1,1,0,1
16.8359298480159,2,0,0,0,0,0
17.0844868121999,2,0,0,0,0,0
17.0860151365466,2,0,0,0,0,0
16.9382762968229,2,0,0,0,0,0
16.954542072432,2,0,0,0,0,0
16.9832619755196,2,0,0,0,0,0
18.9752060907545,2,1,0,0,0,0
18.892489426982,2,1,0,0,0,0
19.0242143451922,2,1,0,0,0,0
18.7989280987875,2,1,0,0,0,0
18.9376960580965,2,1,0,0,0,0
18.898118524984,2,1,0,0,0,0
6.31879629966031,2,0,1,0,0,0
6.23088541024068,2,0,1,0,0,0
6.11679010404288,2,0,1,0,0,0
6.14332097739355,2,0,1,0,0,0
6.16359447108944,2,0,1,0,0,0
6.3204160562478,2,0,1,0,0,0
8.76747241956882,2,1,1,0,0,0
8.72636050313618,2,1,1,0,0,0
9.02671751732078,2,1,1,0,0,0
8.73412824878197,2,1,1,0,0,0
8.71875666592,2,1,1,0,0,0
8.82323960349152,2,1,1,0,0,0
6.04364356445527,2,0,0,1,0,0
6.00088065774941,2,0,0,1,0,0
6.12417515729505,2,0,0,1,0,0
6.11734223098548,2,0,0,1,0,0
6.07354865101423,2,0,0,1,0,0
5.96817544899756,2,0,0,1,0,0
8.84930513807505,2,1,0,1,0,0
8.95302172395814,2,1,0,1,0,0
9.13447223543956,2,1,0,1,0,0
9.11126838325414,2,1,0,1,0,0
9.02614767553416,2,1,0,1,0,0
9.13589981262046,2,1,0,1,0,0
0.812229088053142,2,0,1,1,0,0
0.988990617656024,2,0,1,1,0,0
0.738996005233579,2,0,1,1,0,0
0.953621342570039,2,0,1,1,0,0
0.797613539812926,2,0,1,1,0,0
0.909927888210662,2,0,1,1,0,0
4.71569744084299,2,1,1,1,0,0
4.75858021034987,2,1,1,1,0,0
4.61194548775032,2,1,1,1,0,0
4.7876894438265,2,1,1,1,0,0
4.69764775066349,2,1,1,1,0,0
4.76282877101776,2,1,1,1,0,0
12.6877838262479,2,0,0,0,1,0
12.6066814856947,2,0,0,0,1,0
12.703126385669,2,0,0,0,1,0
12.5404951910244,2,0,0,0,1,0
12.4274472299112,2,0,0,0,1,0
12.5554581618724,2,0,0,0,1,0
12.0948068328655,2,1,0,0,1,0
12.1806469652524,2,1,0,0,1,0
12.2701592754876,2,1,0,0,1,0
12.1067023997977,2,1,0,0,1,0
12.2800682920322,2,1,0,0,1,0
12.0276019768815,2,1,0,0,1,0
5.80331614188182,2,0,1,0,1,0
5.92780911449987,2,0,1,0,1,0
5.98217874525368,2,0,1,0,1,0
5.82308986805029,2,0,1,0,1,0
5.91482431838371,2,0,1,0,1,0
5.84947916223664,2,0,1,0,1,0
6.0954186089131,2,1,1,0,1,0
6.14156124532194,2,1,1,0,1,0
6.44343772315752,2,1,1,0,1,0
6.26943936363722,2,1,1,0,1,0
6.12893237044386,2,1,1,0,1,0
6.03487881100298,2,1,1,0,1,0
4.32406584791581,2,0,0,1,1,0
4.14231425724743,2,0,0,1,1,0
4.23406927543991,2,0,0,1,1,0
4.02394267658633,2,0,0,1,1,0
4.22390968021848,2,0,0,1,1,0
4.04767857098442,2,0,0,1,1,0
4.83785191973261,2,1,0,1,1,0
4.86880982973962,2,1,0,1,1,0
4.89070242694002,2,1,0,1,1,0
4.65887479610212,2,1,0,1,1,0
4.83434172219634,2,1,0,1,1,0
4.87979287621678,2,1,0,1,1,0
3.38657108315812,2,0,1,1,1,0
3.27733355743102,2,0,1,1,1,0
3.32352017910082,2,0,1,1,1,0
3.21595995179078,2,0,1,1,1,0
3.36427584393612,2,0,1,1,1,0
3.46091261342539,2,0,1,1,1,0
4.71990245317237,2,1,1,1,1,0
4.55405976263182,2,1,1,1,1,0
4.52233277142339,2,1,1,1,1,0
4.5840564475628,2,1,1,1,1,0
4.61742004532803,2,1,1,1,1,0
4.49997586332011,2,1,1,1,1,0
13.1907218919831,2,0,0,0,0,1
13.2384688465146,2,0,0,0,0,1
13.0526276415462,2,0,0,0,0,1
13.2609829378276,2,0,0,0,0,1
12.9945071614383,2,0,0,0,0,1
13.0755109379575,2,0,0,0,0,1
14.2071852126481,2,1,0,0,0,1
14.2726255800205,2,1,0,0,0,1
14.3477829105686,2,1,0,0,0,1
14.2554454602906,2,1,0,0,0,1
14.2189238277056,2,1,0,0,0,1
14.3762862413035,2,1,0,0,0,1
5.00236717398464,2,0,1,0,0,1
5.21377340507094,2,0,1,0,0,1
5.12740493897404,2,0,1,0,0,1
5.09903155129134,2,0,1,0,0,1
5.21409604628388,2,0,1,0,0,1
5.2088471075988,2,0,1,0,0,1
6.88154334800005,2,1,1,0,0,1
6.69499061468687,2,1,1,0,0,1
6.91782799184829,2,1,1,0,0,1
6.92637097341839,2,1,1,0,0,1
6.84864400075307,2,1,1,0,0,1
6.67966572803647,2,1,1,0,0,1
4.52846110566041,2,0,0,1,0,1
4.66083627585046,2,0,0,1,0,1
4.79463729227251,2,0,0,1,0,1
4.61301818522978,2,0,0,1,0,1
4.57756534000592,2,0,0,1,0,1
4.72492246736911,2,0,0,1,0,1
6.80090781401334,2,1,0,1,0,1
6.69006900638507,2,1,0,1,0,1
6.91478661072316,2,1,0,1,0,1
6.82038501995552,2,1,0,1,0,1
6.87466595738494,2,1,0,1,0,1
6.80117185530096,2,1,0,1,0,1
2.36665205788106,2,0,1,1,0,1
2.23450767233688,2,0,1,1,0,1
2.29482899948694,2,0,1,1,0,1
2.47192278668352,2,0,1,1,0,1
2.53588306710446,2,0,1,1,0,1
2.11014747414734,2,0,1,1,0,1
5.19764100204067,2,1,1,1,0,1
5.08242078217299,2,1,1,1,0,1
5.09779897200917,2,1,1,1,0,1
5.17627739014962,2,1,1,1,0,1
5.18220184064869,2,1,1,1,0,1
5.2395084506939,2,1,1,1,0,1
18.1288994168174,3,0,0,0,0,0
17.8545333822635,3,0,0,0,0,0
18.0890725847117,3,0,0,0,0,0
17.9939043481946,3,0,0,0,0,0
18.0713572819071,3,0,0,0,0,0
18.0872219673754,3,0,0,0,0,0
18.2999227241184,3,1,0,0,0,0
18.3619679206149,3,1,0,0,0,0
18.1119213166182,3,1,0,0,0,0
18.2574809098649,3,1,0,0,0,0
18.3668441060608,3,1,0,0,0,0
18.1617308036227,3,1,0,0,0,0
7.73809224482804,3,0,1,0,0,0
7.6927860073153,3,0,1,0,0,0
7.69338267203174,3,0,1,0,0,0
7.74118112071265,3,0,1,0,0,0
7.67302011744327,3,0,1,0,0,0
7.77900126380579,3,0,1,0,0,0
9.85868616690112,3,1,1,0,0,0
9.73886071346532,3,1,1,0,0,0
9.8422416045684,3,1,1,0,0,0
9.78440052224234,3,1,1,0,0,0
9.66005080690101,3,1,1,0,0,0
10.0024293992348,3,1,1,0,0,0
6.33154993183458,3,0,0,1,0,0
6.44089011447985,3,0,0,1,0,0
6.32864338211232,3,0,0,1,0,0
6.40644752363405,3,0,0,1,0,0
6.27891711950396,3,0,0,1,0,0
6.43034458790817,3,0,0,1,0,0
6.14165482552583,3,1,0,1,0,0
6.25010644579891,3,1,0,1,0,0
6.10497895573118,3,1,0,1,0,0
5.88314643397503,3,1,0,1,0,0
6.12708937994806,3,1,0,1,0,0
6.05689523912291,3,1,0,1,0,0
2.07658118853254,3,0,1,1,0,0
2.06759864258898,3,0,1,1,0,0
2.1157950797618,3,0,1,1,0,0
2.24549033037981,3,0,1,1,0,0
2.21660988873393,3,0,1,1,0,0
2.01080562188305,3,0,1,1,0,0
3.64703960326676,3,1,1,1,0,0
3.70113733158722,3,1,1,1,0,0
3.77748151104777,3,1,1,1,0,0
3.67308104169538,3,1,1,1,0,0
3.59275833065186,3,1,1,1,0,0
3.80403527213951,3,1,1,1,0,0
12.466252069405,3,0,0,0,1,0
12.4108435157434,3,0,0,0,1,0
12.2535090124856,3,0,0,0,1,0
12.2308050680461,3,0,0,0,1,0
12.3584546808395,3,0,0,0,1,0
12.2290612951064,3,0,0,0,1,0
10.7617985580351,3,1,0,0,1,0
10.9032934076916,3,1,0,0,1,0
10.8533769710239,3,1,0,0,1,0
10.8647944479145,3,1,0,0,1,0
10.7482561606773,3,1,0,0,1,0
11.029889287354,3,1,0,0,1,0
4.2938375983877,3,0,1,0,1,0
4.29203260482019,3,0,1,0,1,0
4.53198067868576,3,0,1,0,1,0
4.61286293406049,3,0,1,0,1,0
4.62087768877206,3,0,1,0,1,0
4.44095072770727,3,0,1,0,1,0
4.77862063513748,3,1,1,0,1,0
4.58301283333861,3,1,1,0,1,0
4.80711910786467,3,1,1,0,1,0
4.62486594372076,3,1,1,0,1,0
4.76739148538268,3,1,1,0,1,0
5.00923828233325,3,1,1,0,1,0
2.59982641495783,3,0,0,1,1,0
2.53080855142802,3,0,0,1,1,0
2.72782894524185,3,0,0,1,1,0
2.45542223130362,3,0,0,1,1,0
2.74514867075754,3,0,0,1,1,0
2.36277158320234,3,0,0,1,1,0
0.567233248417522,3,1,0,1,1,0
0.476872675712022,3,1,0,1,1,0
0.599597866641149,3,1,0,1,1,0
0.633702373232083,3,1,0,1,1,0
0.505126916842489,3,1,0,1,1,0
0.600135818941804,3,1,0,1,1,0
0.90900498388944,3,0,1,1,1,0
0.83507755888869,3,0,1,1,1,0
0.885295430922698,3,0,1,1,1,0
0.863153338104343,3,0,1,1,1,0
0.918547009898675,3,0,1,1,1,0
0.873815559222005,3,0,1,1,1,0
0.57638230285775,3,1,1,1,1,0
0.62971400003491,3,1,1,1,1,0
0.487650724309719,3,1,1,1,1,0
0.783998634685702,3,1,1,1,1,0
0.444615305913485,3,1,1,1,1,0
0.663915384488966,3,1,1,1,1,0
13.8056763036996,3,0,0,0,0,1
13.831575620183,3,0,0,0,0,1
13.9862926637294,3,0,0,0,0,1
13.8249236276768,3,0,0,0,0,1
13.8437472518027,3,0,0,0,0,1
13.8515236809054,3,0,0,0,0,1
12.9797589375645,3,1,0,0,0,1
13.0016087477719,3,1,0,0,0,1
13.0661717998519,3,1,0,0,0,1
13.1439953071975,3,1,0,0,0,1
12.8799396732602,3,1,0,0,0,1
13.0010834317501,3,1,0,0,0,1
6.08996046234128,3,0,1,0,0,1
6.08214573785536,3,0,1,0,0,1
6.24312151058964,3,0,1,0,0,1
6.14774019689217,3,0,1,0,0,1
6.02627365039731,3,0,1,0,0,1
6.03562883339155,3,0,1,0,0,1
7.27067171727518,3,1,1,0,0,1
6.90912294312003,3,1,1,0,0,1
7.10447236961465,3,1,1,0,0,1
6.88873963282903,3,1,1,0,0,1
7.10062829171088,3,1,1,0,0,1
6.89019064545103,3,1,1,0,0,1
3.49020349371234,3,0,0,1,0,1
3.42681561120313,3,0,0,1,0,1
3.42240264643226,3,0,0,1,0,1
3.62897824252756,3,0,0,1,0,1
3.49442952897792,3,0,0,1,0,1
3.61767398617614,3,0,0,1,0,1
2.09836772131469,3,1,0,1,0,1
2.13395755013279,3,1,0,1,0,1
2.01105733905747,3,1,0,1,0,1
2.3152239979522,3,1,0,1,0,1
2.07457394207868,3,1,0,1,0,1
2.22060085778476,3,1,0,1,0,1
1.83184101624689,3,0,1,1,0,1
2.09532911559469,3,0,1,1,0,1
1.7237429337908,3,0,1,1,0,1
1.83024951184515,3,0,1,1,0,1
2.22005703255511,3,0,1,1,0,1
1.85918202179821,3,0,1,1,0,1
2.16349822042069,3,1,1,1,0,1
2.25967522199561,3,1,1,1,0,1
2.21073113344602,3,1,1,1,0,1
2.17403167411737,3,1,1,1,0,1
2.43794551514377,3,1,1,1,0,1
2.34185133040435,3,1,1,1,0,1
19.0636748754555,4,0,0,0,0,0
18.8072641239491,4,0,0,0,0,0
18.8951106241437,4,0,0,0,0,0
18.9911375205254,4,0,0,0,0,0
19.0315030300767,4,0,0,0,0,0
18.8829140857771,4,0,0,0,0,0
20.3894977743416,4,1,0,0,0,0
20.2948162492757,4,1,0,0,0,0
20.3623130751339,4,1,0,0,0,0
20.3993147730839,4,1,0,0,0,0
20.3734303554607,4,1,0,0,0,0
20.4187271304764,4,1,0,0,0,0
8.50046686533709,4,0,1,0,0,0
8.73416967995436,4,0,1,0,0,0
8.42934853862573,4,0,1,0,0,0
8.40602945646124,4,0,1,0,0,0
8.80569857067219,4,0,1,0,0,0
8.61048971275867,4,0,1,0,0,0
8.97867973669848,4,1,1,0,0,0
9.07975492704729,4,1,1,0,0,0
9.11369273666244,4,1,1,0,0,0
9.12612727400571,4,1,1,0,0,0
9.22322063713138,4,1,1,0,0,0
9.14670442720566,4,1,1,0,0,0
9.66302904336332,4,0,0,1,0,0
9.90634506673879,4,0,0,1,0,0
9.72371785638253,4,0,0,1,0,0
9.86531969467144,4,0,0,1,0,0
9.77380337359106,4,0,0,1,0,0
9.82564170991996,4,0,0,1,0,0
10.5079599700987,4,1,0,1,0,0
10.5424931256989,4,1,0,1,0,0
10.6403805785894,4,1,0,1,0,0
10.5372165385783,4,1,0,1,0,0
10.3956657150083,4,1,0,1,0,0
10.4910869863718,4,1,0,1,0,0
3.14995567917901,4,0,1,1,0,0
3.14025099223379,4,0,1,1,0,0
2.88567154112235,4,0,1,1,0,0
3.01684074472359,4,0,1,1,0,0
3.02523303458218,4,0,1,1,0,0
3.00873492080815,4,0,1,1,0,0
2.90633579160677,4,1,1,1,0,0
2.83481881725235,4,1,1,1,0,0
2.99651640016874,4,1,1,1,0,0
2.90854582249537,4,1,1,1,0,0
2.65333042094021,4,1,1,1,0,0
2.89241131316714,4,1,1,1,0,0
15.9703575193535,4,0,0,0,1,0
15.9472173496406,4,0,0,0,1,0
15.8119167246691,4,0,0,0,1,0
15.8425990863212,4,0,0,0,1,0
15.7324901322053,4,0,0,0,1,0
15.7399454278635,4,0,0,0,1,0
15.6415674987868,4,1,0,0,1,0
15.5684673346902,4,1,0,0,1,0
15.6767294198983,4,1,0,0,1,0
15.5884815506405,4,1,0,0,1,0
15.7777604051207,4,1,0,0,1,0
15.5587200251069,4,1,0,0,1,0
8.07523526037338,4,0,1,0,1,0
8.37110251774618,4,0,1,0,1,0
8.17522177267452,4,0,1,0,1,0
8.2986859650583,4,0,1,0,1,0
8.27720056808919,4,0,1,0,1,0
8.18799378626267,4,0,1,0,1,0
7.25500333031967,4,1,1,0,1,0
7.04399245817938,4,1,1,0,1,0
7.21982848790248,4,1,1,0,1,0
7.26578131048335,4,1,1,0,1,0
7.08686399270482,4,1,1,0,1,0
7.08287027418327,4,1,1,0,1,0
8.06632577417107,4,0,0,1,1,0
8.19614431541528,4,0,0,1,1,0
8.27642718400627,4,0,0,1,1,0
7.94312794187657,4,0,0,1,1,0
8.06828693666074,4,0,0,1,1,0
8.36332953842424,4,0,0,1,1,0
7.25173454274365,4,1,0,1,1,0
7.17705968510564,4,1,0,1,1,0
7.23449440362592,4,1,0,1,1,0
7.21838313698816,4,1,0,1,1,0
7.47892671801614,4,1,0,1,1,0
7.45672462801273,4,1,0,1,1,0
4.20175104035191,4,0,1,1,1,0
4.20932923552644,4,0,1,1,1,0
4.2855019702709,4,0,1,1,1,0
4.28729921101596,4,0,1,1,1,0
4.25795209545262,4,0,1,1,1,0
4.27246905794964,4,0,1,1,1,0
2.67661573808806,4,1,1,1,1,0
2.44040148604557,4,1,1,1,1,0
2.55295385719186,4,1,1,1,1,0
2.57907601612561,4,1,1,1,1,0
2.78655593059179,4,1,1,1,1,0
2.56555092023381,4,1,1,1,1,0
13.9043573886346,4,0,0,0,0,1
14.1915312917347,4,0,0,0,0,1
14.1034703622417,4,0,0,0,0,1
14.0540204521861,4,0,0,0,0,1
14.1031901154234,4,0,0,0,0,1
13.9960299525675,4,0,0,0,0,1
15.6038740736779,4,1,0,0,0,1
15.7073147988736,4,1,0,0,0,1
15.7473367280804,4,1,0,0,0,1
15.851479654387,4,1,0,0,0,1
15.7949455531149,4,1,0,0,0,1
15.8151945262308,4,1,0,0,0,1
7.09414692937212,4,0,1,0,0,1
7.11184933171377,4,0,1,0,0,1
7.10756086643649,4,0,1,0,0,1
7.07767958403686,4,0,1,0,0,1
7.16825214764574,4,0,1,0,0,1
7.02830407582035,4,0,1,0,0,1
7.82461712445827,4,1,1,0,0,1
7.95295918270284,4,1,1,0,0,1
8.01439117580719,4,1,1,0,0,1
8.03031509201936,4,1,1,0,0,1
7.96970572534434,4,1,1,0,0,1
7.92538222930899,4,1,1,0,0,1
6.74587854990481,4,0,0,1,0,1
6.63613811405571,4,0,0,1,0,1
6.63376996741736,4,0,0,1,0,1
6.82723441594477,4,0,0,1,0,1
6.6783273154104,4,0,0,1,0,1
6.7123130940794,4,0,0,1,0,1
7.96882768087047,4,1,0,1,0,1
7.88253310320735,4,1,0,1,0,1
7.75244171326538,4,1,0,1,0,1
7.94009888102,4,1,0,1,0,1
7.91271104964205,4,1,0,1,0,1
7.8549169337975,4,1,0,1,0,1
3.5287325648634,4,0,1,1,0,1
3.35252503054227,4,0,1,1,0,1
3.41195306432937,4,0,1,1,0,1
3.46260472987289,4,0,1,1,0,1
3.51552598077117,4,0,1,1,0,1
3.5549956601426,4,0,1,1,0,1
3.81995862822397,4,1,1,1,0,1
3.79647131445053,4,1,1,1,0,1
3.70740320276032,4,1,1,1,0,1
3.67779272537276,4,1,1,1,0,1
3.77323448195382,4,1,1,1,0,1
3.78809831354404,4,1,1,1,0,1
20.1035246794764,5,0,0,0,0,0
19.8412090772827,5,0,0,0,0,0
19.9705844965963,5,0,0,0,0,0
20.0432160463399,5,0,0,0,0,0
19.867210165809,5,0,0,0,0,0
20.0663837446188,5,0,0,0,0,0
21.6482323442177,5,1,0,0,0,0
21.6275385057453,5,1,0,0,0,0
21.7264763232448,5,1,0,0,0,0
21.8267678182431,5,1,0,0,0,0
21.6555102300212,5,1,0,0,0,0
21.6966653819879,5,1,0,0,0,0
10.1357873432441,5,0,1,0,0,0
10.0355801962059,5,0,1,0,0,0
10.0756595739926,5,0,1,0,0,0
10.1449614067164,5,0,1,0,0,0
10.2606227472826,5,0,1,0,0,0
10.3334952148448,5,0,1,0,0,0
11.3934513496824,5,1,1,0,0,0
11.5978761961468,5,1,1,0,0,0
11.618190373652,5,1,1,0,0,0
11.2667621159855,5,1,1,0,0,0
11.4482393692332,5,1,1,0,0,0
11.3908550628003,5,1,1,0,0,0
11.5615684438345,5,0,0,1,0,0
11.2950763102465,5,0,0,1,0,0
11.3028726269316,5,0,0,1,0,0
11.5383211166916,5,0,0,1,0,0
11.4757539954232,5,0,0,1,0,0
11.4380686070551,5,0,0,1,0,0
12.946747560481,5,1,0,1,0,0
12.8859887782304,5,1,0,1,0,0
12.7998633343869,5,1,0,1,0,0
12.7648311737379,5,1,0,1,0,0
12.9723474142007,5,1,0,1,0,0
12.686947573912,5,1,0,1,0,0
7.94898151769481,5,0,1,1,0,0
7.96995265180624,5,0,1,1,0,0
7.9118364544575,5,0,1,1,0,0
7.94679325813851,5,0,1,1,0,0
7.96601478046807,5,0,1,1,0,0
7.82122504530467,5,0,1,1,0,0
8.91833867087492,5,1,1,1,0,0
8.93502945072277,5,1,1,1,0,0
8.78871237606931,5,1,1,1,0,0
8.89417872935934,5,1,1,1,0,0
9.09609712399759,5,1,1,1,0,0
9.08907546467915,5,1,1,1,0,0
14.4079055960723,5,0,0,0,1,0
14.1667638275676,5,0,0,0,1,0
14.2439363239031,5,0,0,0,1,0
14.5257383483874,5,0,0,0,1,0
14.2536906878355,5,0,0,0,1,0
14.415643474846,5,0,0,0,1,0
16.5865410847951,5,1,0,0,1,0
16.7511532828687,5,1,0,0,1,0
16.5900593829036,5,1,0,0,1,0
16.5794681798021,5,1,0,0,1,0
16.5388882243963,5,1,0,0,1,0
16.4520480664815,5,1,0,0,1,0
8.15937428465701,5,0,1,0,1,0
8.11005925394993,5,0,1,0,1,0
8.18190951343123,5,0,1,0,1,0
8.18542035035752,5,0,1,0,1,0
8.21148637751025,5,0,1,0,1,0
8.05263604384346,5,0,1,0,1,0
10.072478491639,5,1,1,0,1,0
9.73873231375646,5,1,1,0,1,0
9.92909902766313,5,1,1,0,1,0
10.0060289836386,5,1,1,0,1,0
10.2778699447198,5,1,1,0,1,0
9.90254503516493,5,1,1,0,1,0
6.76763544743446,5,0,0,1,1,0
6.72178006887784,5,0,0,1,1,0
6.70826269207256,5,0,0,1,1,0
6.788612774018,5,0,0,1,1,0
6.62266847931422,5,0,0,1,1,0
6.74102765849964,5,0,0,1,1,0
8.78674435475849,5,1,0,1,1,0
8.65870956629364,5,1,0,1,1,0
8.84775432345702,5,1,0,1,1,0
8.63277991001327,5,1,0,1,1,0
8.77147660888731,5,1,0,1,1,0
8.7715415936022,5,1,0,1,1,0
6.81622588995581,5,0,1,1,1,0
6.85846933141497,5,0,1,1,1,0
6.93209743410556,5,0,1,1,1,0
6.77396939133203,5,0,1,1,1,0
6.99171674531903,5,0,1,1,1,0
7.03918652909399,5,0,1,1,1,0
8.34695268057633,5,1,1,1,1,0
8.44505602796072,5,1,1,1,1,0
8.60023147271533,5,1,1,1,1,0
8.55543811903966,5,1,1,1,1,0
8.44956802666075,5,1,1,1,1,0
8.48262417727411,5,1,1,1,1,0
16.0611288898076,5,0,0,0,0,1
15.9270097208661,5,0,0,0,0,1
16.273781490143,5,0,0,0,0,1
16.0557533113422,5,0,0,0,0,1
16.1523469666209,5,0,0,0,0,1
15.979507958617,5,0,0,0,0,1
16.905923406086,5,1,0,0,0,1
17.0884674578143,5,1,0,0,0,1
16.9449658686585,5,1,0,0,0,1
17.1028529258821,5,1,0,0,0,1
17.1650823573063,5,1,0,0,0,1
17.0794876251473,5,1,0,0,0,1
8.77697027144528,5,0,1,0,0,1
8.62466741917227,5,0,1,0,0,1
8.53764738723583,5,0,1,0,0,1
8.57964496069418,5,0,1,0,0,1
8.74248618854406,5,0,1,0,0,1
8.68285400306153,5,0,1,0,0,1
9.26350652528338,5,1,1,0,0,1
9.21519047246746,5,1,1,0,0,1
9.33134976559338,5,1,1,0,0,1
9.29669078344199,5,1,1,0,0,1
9.34125551743487,5,1,1,0,0,1
9.30790989179505,5,1,1,0,0,1
9.14173329566505,5,0,0,1,0,1
9.08426769362175,5,0,0,1,0,1
9.20835109261393,5,0,0,1,0,1
9.07164034241809,5,0,0,1,0,1
9.14989079082522,5,0,0,1,0,1
9.19824020631707,5,0,0,1,0,1
10.0049609102137,5,1,0,1,0,1
9.92292910766183,5,1,0,1,0,1
9.8515146028117,5,1,0,1,0,1
9.89785384789477,5,1,0,1,0,1
10.0557292989042,5,1,0,1,0,1
9.88066129288253,5,1,0,1,0,1
8.1222256630615,5,0,1,1,0,1
8.30541612904537,5,0,1,1,0,1
8.34930929112785,5,0,1,1,0,1
8.24635248308503,5,0,1,1,0,1
8.26665636514377,5,0,1,1,0,1
8.12529168301467,5,0,1,1,0,1
8.4863130836738,5,1,1,1,0,1
8.37868268185957,5,1,1,1,0,1
8.65056173439007,5,1,1,1,0,1
8.42072046334793,5,1,1,1,0,1
8.48824868542112,5,1,1,1,0,1
8.68784041381753,5,1,1,1,0,1
21.0781517863608,6,0,0,0,0,0
21.0126938972058,6,0,0,0,0,0
21.0584675794868,6,0,0,0,0,0
20.9256872831559,6,0,0,0,0,0
21.0121209669106,6,0,0,0,0,0
21.0459516236039,6,0,0,0,0,0
23.1675535256794,6,1,0,0,0,0
22.6979380251699,6,1,0,0,0,0
23.0092349951279,6,1,0,0,0,0
22.7804777511694,6,1,0,0,0,0
22.8991255092001,6,1,0,0,0,0
22.9460036918186,6,1,0,0,0,0
10.8419426342053,6,0,1,0,0,0
10.9885297850161,6,0,1,0,0,0
10.9136206949641,6,0,1,0,0,0
10.8275902018454,6,0,1,0,0,0
10.8254124554555,6,0,1,0,0,0
11.0448413372845,6,0,1,0,0,0
11.4903323292635,6,1,1,0,0,0
11.5011431060981,6,1,1,0,0,0
11.408705470615,6,1,1,0,0,0
11.4697410771226,6,1,1,0,0,0
11.5345884136091,6,1,1,0,0,0
11.2971512293058,6,1,1,0,0,0
9.96508932626422,6,0,0,1,0,0
10.0522813267189,6,0,0,1,0,0
9.9397206087178,6,0,0,1,0,0
10.184613580385,6,0,0,1,0,0
10.1001428391643,6,0,0,1,0,0
10.1647467256887,6,0,0,1,0,0
11.7679205554805,6,1,0,1,0,0
11.619909946254,6,1,0,1,0,0
11.6553239512509,6,1,0,1,0,0
11.9177930500449,6,1,0,1,0,0
11.7396466111613,6,1,0,1,0,0
11.647198545239,6,1,0,1,0,0
3.92057038427691,6,0,1,1,0,0
3.73999545567891,6,0,1,1,0,0
3.88432775934808,6,0,1,1,0,0
4.0437698322359,6,0,1,1,0,0
4.06769323712068,6,0,1,1,0,0
4.03519678911212,6,0,1,1,0,0
4.25177800756601,6,1,1,1,0,0
4.38500695418726,6,1,1,1,0,0
4.39808471299942,6,1,1,1,0,0
4.3804133973834,6,1,1,1,0,0
4.46810627028047,6,1,1,1,0,0
4.29682759448217,6,1,1,1,0,0
16.7429933251117,6,0,0,0,1,0
16.6796182810349,6,0,0,0,1,0
16.6538269665076,6,0,0,0,1,0
16.7420805361293,6,0,0,0,1,0
16.6585885991729,6,0,0,0,1,0
16.6985498368666,6,0,0,0,1,0
16.3577682162496,6,1,0,0,1,0
16.3970946563709,6,1,0,0,1,0
16.3091190758051,6,1,0,0,1,0
16.368396197437,6,1,0,0,1,0
16.4122836962,6,1,0,0,1,0
16.4404567841726,6,1,0,0,1,0
7.99973163036808,6,0,1,0,1,0
8.09954548250802,6,0,1,0,1,0
8.27727384252127,6,0,1,0,1,0
8.1145349421077,6,0,1,0,1,0
8.1555870442901,6,0,1,0,1,0
8.18866522154839,6,0,1,0,1,0
6.49364370894496,6,1,1,0,1,0
6.62681743049615,6,1,1,0,1,0
6.61474702682726,6,1,1,0,1,0
6.57010822508897,6,1,1,0,1,0
6.69161749926318,6,1,1,0,1,0
6.51307540960811,6,1,1,0,1,0
9.57679159684588,6,0,0,1,1,0
9.59192477674284,6,0,0,1,1,0
9.57346437603358,6,0,0,1,1,0
9.58262702452327,6,0,0,1,1,0
9.54231258920397,6,0,0,1,1,0
9.43746502268811,6,0,0,1,1,0
9.21083019122265,6,1,0,1,1,0
9.00412852120268,6,1,0,1,1,0
9.16241759505792,6,1,0,1,1,0
9.20464015150675,6,1,0,1,1,0
8.89239631700831,6,1,0,1,1,0
9.17142215832759,6,1,0,1,1,0
5.12606685153578,6,0,1,1,1,0
5.09136150419204,6,0,1,1,1,0
5.07700214594522,6,0,1,1,1,0
4.85283848096456,6,0,1,1,1,0
4.96696594166637,6,0,1,1,1,0
4.99849729414018,6,0,1,1,1,0
3.3477958586976,6,1,1,1,1,0
3.16205408063694,6,1,1,1,1,0
3.17047582023399,6,1,1,1,1,0
3.22011873870795,6,1,1,1,1,0
3.14358377015384,6,1,1,1,1,0
3.32770609419029,6,1,1,1,1,0
16.4651373544779,6,0,0,0,0,1
16.5753547498928,6,0,0,0,0,1
16.6545114677885,6,0,0,0,0,1
16.6495973801573,6,0,0,0,0,1
16.7453344716788,6,0,0,0,0,1
16.5823243238584,6,0,0,0,0,1
17.7503456168659,6,1,0,0,0,1
17.5440233224308,6,1,0,0,0,1
17.8652808136604,6,1,0,0,0,1
17.8062629756072,6,1,0,0,0,1
17.7956137590662,6,1,0,0,0,1
17.6741806294744,6,1,0,0,0,1
8.90068751419572,6,0,1,0,0,1
8.97880890777883,6,0,1,0,0,1
8.84336570133695,6,0,1,0,0,1
8.96632317954683,6,0,1,0,0,1
8.87247034635034,6,0,1,0,0,1
8.91159819991772,6,0,1,0,0,1
8.70479290555407,6,1,1,0,0,1
8.79954295249686,6,1,1,0,0,1
8.75928865005484,6,1,1,0,0,1
8.72849946145891,6,1,1,0,0,1
8.78328701784309,6,1,1,0,0,1
8.6488866340961,6,1,1,0,0,1
6.08441618129421,6,0,0,1,0,1
5.96356658324805,6,0,0,1,0,1
6.02490499819935,6,0,0,1,0,1
6.07771718178576,6,0,0,1,0,1
5.9644465423432,6,0,0,1,0,1
6.01176234218211,6,0,0,1,0,1
6.75381495305884,6,1,0,1,0,1
7.09102491788266,6,1,0,1,0,1
6.90259940920926,6,1,0,1,0,1
6.74738860916252,6,1,0,1,0,1
6.92015083056796,6,1,0,1,0,1
6.86442308022239,6,1,0,1,0,1
2.30157156952027,6,0,1,1,0,1
2.19375794612653,6,0,1,1,0,1
2.01048410789336,6,0,1,1,0,1
2.40438886657085,6,0,1,1,0,1
2.0125571962617,6,0,1,1,0,1
2.14460396710744,6,0,1,1,0,1
1.8520154766685,6,1,1,1,0,1
1.84378708356667,6,1,1,1,0,1
1.87898397939475,6,1,1,1,0,1
1.92311336164402,6,1,1,1,0,1
1.70615219345505,6,1,1,1,0,1
2.0770741446979,6,1,1,1,0,1
22.0539753429686,7,0,0,0,0,0
21.8115277252429,7,0,0,0,0,0
22.0683233333701,7,0,0,0,0,0
21.9531746856499,7,0,0,0,0,0
21.999361053882,7,0,0,0,0,0
21.9835491787017,7,0,0,0,0,0
22.2692485664452,7,1,0,0,0,0
22.1261457508661,7,1,0,0,0,0
22.1426809999105,7,1,0,0,0,0
22.1103502221796,7,1,0,0,0,0
22.093094864631,7,1,0,0,0,0
22.2960763460607,7,1,0,0,0,0
10.7972981918354,7,0,1,0,0,0
10.931281032756,7,0,1,0,0,0
10.7312160942372,7,0,1,0,0,0
11.0235952971035,7,0,1,0,0,0
10.8571627210439,7,0,1,0,0,0
10.9752978135533,7,0,1,0,0,0
10.6776630875347,7,1,1,0,0,0
10.5853720655766,7,1,1,0,0,0
10.6162115767073,7,1,1,0,0,0
10.4957204655022,7,1,1,0,0,0
10.5608258798359,7,1,1,0,0,0
10.5509969129144,7,1,1,0,0,0
13.7628023014873,7,0,0,1,0,0
13.7409553658038,7,0,0,1,0,0
13.633371848582,7,0,0,1,0,0
13.7212222093182,7,0,0,1,0,0
13.4974255018294,7,0,0,1,0,0
13.7563419201828,7,0,0,1,0,0
14.163298067218,7,1,0,1,0,0
14.5042604358627,7,1,0,1,0,0
14.6581819700656,7,1,0,1,0,0
14.2943088981139,7,1,0,1,0,0
14.3187959445788,7,1,0,1,0,0
14.4309434716193,7,1,0,1,0,0
6.71440322167945,7,0,1,1,0,0
6.7837030182413,7,0,1,1,0,0
6.63179726787476,7,0,1,1,0,0
6.74553246526061,7,0,1,1,0,0
6.68378924877538,7,0,1,1,0,0
6.61363628846648,7,0,1,1,0,0
7.06095947794616,7,1,1,1,0,0
6.94945284758051,7,1,1,1,0,0
6.93969251462482,7,1,1,1,0,0
6.94925098703287,7,1,1,1,0,0
7.05704667423428,7,1,1,1,0,0
7.00993453478938,7,1,1,1,0,0
15.5833259670076,7,0,0,0,1,0
15.6363709382115,7,0,0,0,1,0
15.6374281819411,7,0,0,0,1,0
15.6601598768486,7,0,0,0,1,0
15.6510073262577,7,0,0,0,1,0
15.6313308544143,7,0,0,0,1,0
15.3540329004446,7,1,0,0,1,0
15.6198628139276,7,1,0,0,1,0
15.4956329922497,7,1,0,0,1,0
15.4709999020325,7,1,0,0,1,0
15.3603362059907,7,1,0,0,1,0
15.4954277716269,7,1,0,0,1,0
7.48435892653627,7,0,1,0,1,0
7.35982098569316,7,0,1,0,1,0
7.42615484588843,7,0,1,0,1,0
7.5405133668892,7,0,1,0,1,0
7.37253717754926,7,0,1,0,1,0
7.52253242176007,7,0,1,0,1,0
6.77478090246378,7,1,1,0,1,0
6.66748500116566,7,1,1,0,1,0
6.68044929904997,7,1,1,0,1,0
6.59925614267129,7,1,1,0,1,0
6.77245758260309,7,1,1,0,1,0
6.75833724302168,7,1,1,0,1,0
8.12753542073376,7,0,0,1,1,0
8.01141438519033,7,0,0,1,1,0
8.04880043021248,7,0,0,1,1,0
8.07579772903387,7,0,0,1,1,0
8.03495888500358,7,0,0,1,1,0
8.0624867357742,7,0,0,1,1,0
8.39193380624783,7,1,0,1,1,0
8.56740853375752,7,1,0,1,1,0
8.51532318551064,7,1,0,1,1,0
8.66158328326564,7,1,0,1,1,0
8.43720625613215,7,1,0,1,1,0
8.71127973814801,7,1,0,1,1,0
4.02488999904355,7,0,1,1,1,0
4.01579522650021,7,0,1,1,1,0
4.08904940769192,7,0,1,1,1,0
4.10755304060502,7,0,1,1,1,0
4.03635718215293,7,0,1,1,1,0
4.00198950229378,7,0,1,1,1,0
3.96920588629369,7,1,1,1,1,0
4.26153869775689,7,1,1,1,1,0
4.04923878341712,7,1,1,1,1,0
3.93325657226283,7,1,1,1,1,0
4.26218241535711,7,1,1,1,1,0
4.22408946685097,7,1,1,1,1,0
17.6423465421444,7,0,0,0,0,1
17.5535675184537,7,0,0,0,0,1
17.4459827870676,7,0,0,0,0,1
17.5323655755281,7,0,0,0,0,1
17.3821433253407,7,0,0,0,0,1
17.3566122487744,7,0,0,0,0,1
17.2868134003993,7,1,0,0,0,1
17.5794958390969,7,1,0,0,0,1
17.4454870193992,7,1,0,0,0,1
17.4499090196494,7,1,0,0,0,1
17.4776269878048,7,1,0,0,0,1
17.4859642670411,7,1,0,0,0,1
11.0308477710464,7,0,1,0,0,1
10.8844868112152,7,0,1,0,0,1
10.93132405628,7,0,1,0,0,1
10.7458616667876,7,0,1,0,0,1
10.7537461515475,7,0,1,0,0,1
10.7203555521088,7,0,1,0,0,1
10.3559801966044,7,1,1,0,0,1
10.4429579538811,7,1,1,0,0,1
10.3960268418966,7,1,1,0,0,1
10.5935564159195,7,1,1,0,0,1
10.5334063902085,7,1,1,0,0,1
10.4971403949038,7,1,1,0,0,1
11.4956027073829,7,0,0,1,0,1
11.5865051652591,7,0,0,1,0,1
11.5520783003865,7,0,0,1,0,1
11.513093668823,7,0,0,1,0,1
11.4302056373691,7,0,0,1,0,1
11.6578455996543,7,0,0,1,0,1
12.5227378143146,7,1,0,1,0,1
12.4391890681611,7,1,0,1,0,1
12.4094352974933,7,1,0,1,0,1
12.274075683023,7,1,0,1,0,1
12.2707855129672,7,1,0,1,0,1
12.2519686141455,7,1,0,1,0,1
8.91558572426871,7,0,1,1,0,1
9.06037201559144,7,0,1,1,0,1
9.03369429044198,7,0,1,1,0,1
9.04720163427103,7,0,1,1,0,1
9.05125287056411,7,0,1,1,0,1
9.12808670742782,7,0,1,1,0,1
9.31713049410191,7,1,1,1,0,1
9.52650955488034,7,1,1,1,0,1
9.27816243894703,7,1,1,1,0,1
9.57556208053141,7,1,1,1,0,1
9.34191481815988,7,1,1,1,0,1
9.33942773076023,7,1,1,1,0,1
23.0594036812034,8,0,0,0,0,0
22.9749478657839,8,0,0,0,0,0
22.7441365630236,8,0,0,0,0,0
22.9271181073053,8,0,0,0,0,0
22.9951943227609,8,0,0,0,0,0
23.0037551023346,8,0,0,0,0,0
25.0360087804921,8,1,0,0,0,0
24.9537964161683,8,1,0,0,0,0
24.916445703715,8,1,0,0,0,0
25.0279225257101,8,1,0,0,0,0
24.8885032127304,8,1,0,0,0,0
25.1062828552556,8,1,0,0,0,0
13.2280076720627,8,0,1,0,0,0
13.1529678952741,8,0,1,0,0,0
13.337770579326,8,0,1,0,0,0
13.3941158443944,8,0,1,0,0,0
13.1745943314237,8,0,1,0,0,0
13.2429820511093,8,0,1,0,0,0
14.3473771639088,8,1,1,0,0,0
14.3069602099013,8,1,1,0,0,0
14.44275820616,8,1,1,0,0,0
14.2957040017603,8,1,1,0,0,0
14.4289740890375,8,1,1,0,0,0
14.2740549440591,8,1,1,0,0,0
12.8802875968836,8,0,0,1,0,0
12.9890952828578,8,0,0,1,0,0
13.1167351035448,8,0,0,1,0,0
13.3746760180258,8,0,0,1,0,0
13.1268816056663,8,0,0,1,0,0
13.2099834204004,8,0,0,1,0,0
15.0113380909258,8,1,0,1,0,0
15.0608091706472,8,1,0,1,0,0
15.3529522596727,8,1,0,1,0,0
15.1880513751517,8,1,0,1,0,0
15.2130423273229,8,1,0,1,0,0
15.3060688643756,8,1,0,1,0,0
9.67184034985867,8,0,1,1,0,0
9.84659539476639,8,0,1,1,0,0
9.90016674920204,8,0,1,1,0,0
9.9334382739638,8,0,1,1,0,0
9.9381447789201,8,0,1,1,0,0
9.72820815500669,8,0,1,1,0,0
11.1228830955831,8,1,1,1,0,0
11.1205466619135,8,1,1,1,0,0
11.1805233763858,8,1,1,1,0,0
11.0784680587386,8,1,1,1,0,0
11.126069972408,8,1,1,1,0,0
11.0686086446472,8,1,1,1,0,0
17.3904941922661,8,0,0,0,1,0
17.1212028045475,8,0,0,0,1,0
17.1807216109537,8,0,0,0,1,0
16.9274506731123,8,0,0,0,1,0
17.1520200268202,8,0,0,0,1,0
17.1845775614329,8,0,0,0,1,0
20.2817725160845,8,1,0,0,1,0
20.1911265575948,8,1,0,0,1,0
20.2862205226032,8,1,0,0,1,0
20.2046223384524,8,1,0,0,1,0
20.1761603535816,8,1,0,0,1,0
19.9996828626818,8,1,0,0,1,0
10.6422814849713,8,0,1,0,1,0
10.4314734031324,8,0,1,0,1,0
10.4717477250785,8,0,1,0,1,0
10.5069212687276,8,0,1,0,1,0
10.6440211146393,8,0,1,0,1,0
10.5666734658495,8,0,1,0,1,0
12.6467997934255,8,1,1,0,1,0
12.6718899555869,8,1,1,0,1,0
12.6771544975591,8,1,1,0,1,0
12.7726956577548,8,1,1,0,1,0
12.7672307001151,8,1,1,0,1,0
12.5742931323237,8,1,1,0,1,0
9.74093865462202,8,0,0,1,1,0
9.64878281618918,8,0,0,1,1,0
9.66809769755339,8,0,0,1,1,0
9.68123406573464,8,0,0,1,1,0
9.60270113656417,8,0,0,1,1,0
9.82295350262193,8,0,0,1,1,0
12.917697569442,8,1,0,1,1,0
12.8497537406367,8,1,0,1,1,0
12.9299586794848,8,1,0,1,1,0
12.9747153752856,8,1,0,1,1,0
12.7697519465188,8,1,0,1,1,0
12.7699681699163,8,1,0,1,1,0
9.45705142802004,8,0,1,1,1,0
9.70615399630183,8,0,1,1,1,0
9.51787251370514,8,0,1,1,1,0
9.61904966048832,8,0,1,1,1,0
9.71874124620933,8,0,1,1,1,0
9.69623415525105,8,0,1,1,1,0
11.901454421666,8,1,1,1,1,0
11.8883186655903,8,1,1,1,1,0
11.8163960985006,8,1,1,1,1,0
12.015242944381,8,1,1,1,1,0
12.1016314802886,8,1,1,1,1,0
11.9785995825317,8,1,1,1,1,0
17.9991175782344,8,0,0,0,0,1
18.162461519489,8,0,0,0,0,1
17.9732235154281,8,0,0,0,0,1
18.1039924178305,8,0,0,0,0,1
18.2412356743372,8,0,0,0,0,1
18.1982878715943,8,0,0,0,0,1
18.9975998393021,8,1,0,0,0,1
18.7968266165338,8,1,0,0,0,1
18.804785638311,8,1,0,0,0,1
18.8455159127782,8,1,0,0,0,1
18.8071961095942,8,1,0,0,0,1
18.8232894348971,8,1,0,0,0,1
11.3819486757249,8,0,1,0,0,1
11.3728426682552,8,0,1,0,0,1
11.5119690074047,8,0,1,0,0,1
11.3061482238902,8,0,1,0,0,1
11.5412785900172,8,0,1,0,0,1
11.6093002346697,8,0,1,0,0,1
11.3843271972918,8,1,1,0,0,1
11.2802988442787,8,1,1,0,0,1
11.3209355791856,8,1,1,0,0,1
11.3401920734745,8,1,1,0,0,1
11.3844903137574,8,1,1,0,0,1
11.3204347362794,8,1,1,0,0,1
9.02817152536225,8,0,0,1,0,1
8.93089505401004,8,0,0,1,0,1
8.99084385801913,8,0,0,1,0,1
9.06086928959198,8,0,0,1,0,1
9.00088179489386,8,0,0,1,0,1
8.99879019033373,8,0,0,1,0,1
9.93712288097176,8,1,0,1,0,1
9.84844630848471,8,1,0,1,0,1
9.89441160523471,8,1,0,1,0,1
9.89065969492663,8,1,0,1,0,1
9.99789588608011,8,1,0,1,0,1
9.74359970398715,8,1,0,1,0,1
8.96636372748622,8,0,1,1,0,1
8.98851505768961,8,0,1,1,0,1
9.03572973790597,8,0,1,1,0,1
8.80223458108709,8,0,1,1,0,1
8.90439478955145,8,0,1,1,0,1
9.15795126275546,8,0,1,1,0,1
9.06520060881561,8,1,1,1,0,1
9.0910144481506,8,1,1,1,0,1
9.04109283254831,8,1,1,1,0,1
9.0113970090304,8,1,1,1,0,1
9.03899919172404,8,1,1,1,0,1
8.9932814845712,8,1,1,1,0,1
24.0849742283914,9,0,0,0,0,0
24.1346256616655,9,0,0,0,0,0
24.2363362261339,9,0,0,0,0,0
24.050994616071,9,0,0,0,0,0
24.0465202708417,9,0,0,0,0,0
23.8897931903655,9,0,0,0,0,0
26.9092839659501,9,1,0,0,0,0
27.030881067098,9,1,0,0,0,0
26.8449482770947,9,1,0,0,0,0
26.8809784076633,9,1,0,0,0,0
26.6549359543366,9,1,0,0,0,0
26.9654819267555,9,1,0,0,0,0
13.8392172677226,9,0,1,0,0,0
13.7051128471897,9,0,1,0,0,0
13.6727500946875,9,0,1,0,0,0
13.7964549716148,9,0,1,0,0,0
13.7595048133951,9,0,1,0,0,0
13.7842950836733,9,0,1,0,0,0
16.8011233575974,9,1,1,0,0,0
16.7346613770487,9,1,1,0,0,0
16.6468249056199,9,1,1,0,0,0
16.7792675263591,9,1,1,0,0,0
16.7094139176698,9,1,1,0,0,0
16.8975235245362,9,1,1,0,0,0
13.8061519957798,9,0,0,1,0,0
14.1396421835193,9,0,0,1,0,0
14.025905672584,9,0,0,1,0,0
14.0747784062723,9,0,0,1,0,0
13.9652946353181,9,0,0,1,0,0
13.9579550714335,9,0,0,1,0,0
17.2279288303389,9,1,0,1,0,0
17.3165982482151,9,1,0,1,0,0
17.1345988180291,9,1,0,1,0,0
17.2463079427921,9,1,0,1,0,0
17.3218013971839,9,1,0,1,0,0
17.3259058588752,9,1,0,1,0,0
9.28866928386785,9,0,1,1,0,0
9.29956291929166,9,0,1,1,0,0
9.34559403473886,9,0,1,1,0,0
9.25565275480493,9,0,1,1,0,0
9.24570986734591,9,0,1,1,0,0
9.31958193327969,9,0,1,1,0,0
12.846265498372,9,1,1,1,0,0
12.6922793249684,9,1,1,1,0,0
12.6194089863886,9,1,1,1,0,0
12.6765486570108,9,1,1,1,0,0
12.7617572771165,9,1,1,1,0,0
12.7874306924283,9,1,1,1,0,0
19.452588198669,9,0,0,0,1,0
19.6528082813156,9,0,0,0,1,0
19.5590678910548,9,0,0,0,1,0
19.4914792067621,9,0,0,0,1,0
19.6213998973671,9,0,0,0,1,0
19.446813043653,9,0,0,0,1,0
23.4681632720836,9,1,0,0,1,0
23.4924613585418,9,1,0,0,1,0
23.3328702359968,9,1,0,0,1,0
23.4928332008192,9,1,0,0,1,0
23.2355250942521,9,1,0,0,1,0
23.4217827196815,9,1,0,0,1,0
11.5891885143107,9,0,1,0,1,0
11.6358441183256,9,0,1,0,1,0
11.7714961207358,9,0,1,0,1,0
11.7708757124276,9,0,1,0,1,0
11.7957277672429,9,0,1,0,1,0
11.60965194965,9,0,1,0,1,0
15.6334456812967,9,1,1,0,1,0
15.4606987206142,9,1,1,0,1,0
15.5598228343968,9,1,1,0,1,0
15.5486358547438,9,1,1,0,1,0
15.5771841077704,9,1,1,0,1,0
15.626106523869,9,1,1,0,1,0
11.596685355522,9,0,0,1,1,0
11.2900486577395,9,0,0,1,1,0
11.4591776138136,9,0,0,1,1,0
11.448775739171,9,0,0,1,1,0
11.2450730677262,9,0,0,1,1,0
11.5655482772557,9,0,0,1,1,0
15.6872630831549,9,1,0,1,1,0
15.8445461830215,9,1,0,1,1,0
15.7832315149373,9,1,0,1,1,0
15.8596540017976,9,1,0,1,1,0
15.6917962200626,9,1,0,1,1,0
15.758766855557,9,1,0,1,1,0
9.26630749822595,9,0,1,1,1,0
9.12514577692447,9,0,1,1,1,0
9.26285943933015,9,0,1,1,1,0
9.31874390115,9,0,1,1,1,0
9.05189355595535,9,0,1,1,1,0
9.06909975039246,9,0,1,1,1,0
13.7261496297736,9,1,1,1,1,0
13.4992353361649,9,1,1,1,1,0
13.6413562058469,9,1,1,1,1,0
13.5248753032372,9,1,1,1,1,0
13.4275559454904,9,1,1,1,1,0
13.4187997599293,9,1,1,1,1,0
20.2712096546506,9,0,0,0,0,1
20.1606281606916,9,0,0,0,0,1
20.2481212170096,9,0,0,0,0,1
20.2805622101259,9,0,0,0,0,1
20.4186745315312,9,0,0,0,0,1
20.1475967036763,9,0,0,0,0,1
22.8255755923065,9,1,0,0,0,1
22.9661246808782,9,1,0,0,0,1
22.8631746750775,9,1,0,0,0,1
22.8370873534216,9,1,0,0,0,1
22.7732896334488,9,1,0,0,0,1
22.7977716634568,9,1,0,0,0,1
14.0200899145983,9,0,1,0,0,1
13.9256327185892,9,0,1,0,0,1
13.8023147848687,9,0,1,0,0,1
14.2359352945928,9,0,1,0,0,1
13.8954198094686,9,0,1,0,0,1
13.9176988267968,9,0,1,0,0,1
16.7432958605988,9,1,1,0,0,1
16.4742147287923,9,1,1,0,0,1
16.65830840419,9,1,1,0,0,1
16.6514719692835,9,1,1,0,0,1
16.6465349872896,9,1,1,0,0,1
16.6500175361704,9,1,1,0,0,1
12.5201703624146,9,0,0,1,0,1
12.491141083815,9,0,0,1,0,1
12.3418847050343,9,0,0,1,0,1
12.5407692433916,9,0,0,1,0,1
12.5618940094019,9,0,0,1,0,1
12.580845176468,9,0,0,1,0,1
15.493776752314,9,1,0,1,0,1
15.7170211076874,9,1,0,1,0,1
15.5852670183807,9,1,0,1,0,1
15.3706325138181,9,1,0,1,0,1
15.516650995989,9,1,0,1,0,1
15.5499818777495,9,1,0,1,0,1
11.8163257353855,9,0,1,1,0,1
11.9760060244899,9,0,1,1,0,1
11.8262165706293,9,0,1,1,0,1
11.8144966761045,9,0,1,1,0,1
11.7373663281988,9,0,1,1,0,1
11.7134077384955,9,0,1,1,0,1
15.048363288253,9,1,1,1,0,1
14.972146026948,9,1,1,1,0,1
14.7973805256052,9,1,1,1,0,1
14.910404781596,9,1,1,1,0,1
15.0107202215411,9,1,1,1,0,1
14.8773947000266,9,1,1,1,0,1
